date,currency,rub_per_unit
2021-01-01,CNY,11.2956
2021-01-01,EUR,90.7932
2021-01-01,USD,73.8757
2021-01-12,CNY,11.5082
2021-01-12,EUR,90.8123
2021-01-12,USD,74.5157
2021-01-13,CNY,11.483
2021-01-13,EUR,90.3227
2021-01-13,USD,74.2663
2021-01-14,CNY,11.3728
2021-01-14,EUR,89.7831
2021-01-14,USD,73.5264
2021-01-15,CNY,11.4089
2021-01-15,EUR,89.6475
2021-01-15,USD,73.7961
2021-01-16,CNY,11.3569
2021-01-16,EUR,89.2546
2021-01-16,USD,73.5453
2021-01-19,CNY,11.3907
2021-01-19,EUR,89.3304
2021-01-19,USD,73.9735
2021-01-20,CNY,11.3628
2021-01-20,EUR,89.2064
2021-01-20,USD,73.7243
2021-01-21,CNY,11.3416
2021-01-21,EUR,89.1483
2021-01-21,USD,73.355
2021-01-22,CNY,11.3496
2021-01-22,EUR,88.9677
2021-01-22,USD,73.3694
2021-01-23,CNY,11.4789
2021-01-23,EUR,90.4087
2021-01-23,USD,74.3615
2021-01-26,CNY,11.5575
2021-01-26,EUR,91.1458
2021-01-26,USD,74.8569
2021-01-27,CNY,11.6797
2021-01-27,EUR,91.6701
2021-01-27,USD,75.6354
2021-01-28,CNY,11.6044
2021-01-28,EUR,91.2186
2021-01-28,USD,75.04
2021-01-29,CNY,11.7637
2021-01-29,EUR,92.131
2021-01-29,USD,76.1854
2021-01-30,CNY,11.8024
2021-01-30,EUR,92.2963
2021-01-30,USD,76.2527
2021-02-02,CNY,11.6787
2021-02-02,EUR,91.5426
2021-02-02,USD,75.5053
2021-02-03,CNY,11.7498
2021-02-03,EUR,91.625
2021-02-03,USD,75.9051
2021-02-04,CNY,11.7813
2021-02-04,EUR,91.5624
2021-02-04,USD,76.0801
2021-02-05,CNY,11.7165
2021-02-05,EUR,90.9206
2021-02-05,USD,75.7293
2021-02-06,CNY,11.5919
2021-02-06,EUR,89.885
2021-02-06,USD,75.1107
2021-02-09,CNY,11.4981
2021-02-09,EUR,89.4019
2021-02-09,USD,74.2602
2021-02-10,CNY,11.4935
2021-02-10,EUR,89.5286
2021-02-10,USD,74.1192
2021-02-11,CNY,11.4712
2021-02-11,EUR,89.5684
2021-02-11,USD,73.8526
2021-02-12,CNY,11.4208
2021-02-12,EUR,89.4388
2021-02-12,USD,73.7579
2021-02-13,CNY,11.4487
2021-02-13,EUR,89.6052
2021-02-13,USD,73.9378
2021-02-16,CNY,11.3513
2021-02-16,EUR,88.9754
2021-02-16,USD,73.3092
2021-02-17,CNY,11.3483
2021-02-17,EUR,88.9441
2021-02-17,USD,73.2895
2021-02-18,CNY,11.4222
2021-02-18,EUR,89.0809
2021-02-18,USD,73.7669
2021-02-19,CNY,11.4004
2021-02-19,EUR,88.87
2021-02-19,USD,73.7755
2021-02-20,CNY,11.4523
2021-02-20,EUR,89.5427
2021-02-20,USD,73.9717
2021-02-21,CNY,11.4566
2021-02-21,EUR,89.6604
2021-02-21,USD,73.9833
2021-02-25,CNY,11.4304
2021-02-25,EUR,89.6691
2021-02-25,USD,73.7532
2021-02-26,CNY,11.3911
2021-02-26,EUR,89.4995
2021-02-26,USD,73.4747
2021-02-27,CNY,11.5232
2021-02-27,EUR,90.3743
2021-02-27,USD,74.4373
2021-03-02,CNY,11.4599
2021-03-02,EUR,89.4461
2021-03-02,USD,74.0448
2021-03-03,CNY,11.5271
2021-03-03,EUR,89.5652
2021-03-03,USD,74.5755
2021-03-04,CNY,11.3771
2021-03-04,EUR,88.8768
2021-03-04,USD,73.5187
2021-03-05,CNY,11.4074
2021-03-05,EUR,88.9421
2021-03-05,USD,73.7864
2021-03-06,CNY,11.4909
2021-03-06,EUR,88.9334
2021-03-06,USD,74.4275
2021-03-10,CNY,11.3935
2021-03-10,EUR,88.1736
2021-03-10,USD,74.264
2021-03-11,CNY,11.3691
2021-03-11,EUR,87.9587
2021-03-11,USD,74.0393
2021-03-12,CNY,11.32
2021-03-12,EUR,87.7585
2021-03-12,USD,73.4996
2021-03-13,CNY,11.3015
2021-03-13,EUR,87.7981
2021-03-13,USD,73.5081
2021-03-16,CNY,11.2612
2021-03-16,EUR,87.3508
2021-03-16,USD,73.2317
2021-03-17,CNY,11.2253
2021-03-17,EUR,86.9852
2021-03-17,USD,72.9619
2021-03-18,CNY,11.2413
2021-03-18,EUR,86.9693
2021-03-18,USD,73.1019
2021-03-19,CNY,11.3282
2021-03-19,EUR,88.1173
2021-03-19,USD,73.6582
2021-03-20,CNY,11.3988
2021-03-20,EUR,88.433
2021-03-20,USD,74.139
2021-03-23,CNY,11.4599
2021-03-23,EUR,88.6573
2021-03-23,USD,74.6085
2021-03-24,CNY,11.5756
2021-03-24,EUR,89.767
2021-03-24,USD,75.3585
2021-03-25,CNY,11.6737
2021-03-25,EUR,90.0515
2021-03-25,USD,76.1535
2021-03-26,CNY,11.6578
2021-03-26,EUR,89.9768
2021-03-26,USD,76.1741
2021-03-27,CNY,11.583
2021-03-27,EUR,89.2576
2021-03-27,USD,75.7576
2021-03-30,CNY,11.5536
2021-03-30,EUR,89.349
2021-03-30,USD,75.8287
2021-03-31,CNY,11.5268
2021-03-31,EUR,88.8821
2021-03-31,USD,75.7023
2021-04-01,CNY,11.5385
2021-04-01,EUR,88.7452
2021-04-01,USD,75.6373
2021-04-02,CNY,11.5328
2021-04-02,EUR,88.9523
2021-04-02,USD,75.8073
2021-04-03,CNY,11.595
2021-04-03,EUR,89.5916
2021-04-03,USD,76.0734
2021-04-06,CNY,11.665
2021-04-06,EUR,89.9958
2021-04-06,USD,76.6052
2021-04-07,CNY,11.6606
2021-04-07,EUR,90.1821
2021-04-07,USD,76.3802
2021-04-08,CNY,11.8814
2021-04-08,EUR,92.3321
2021-04-08,USD,77.773
2021-04-09,CNY,11.7728
2021-04-09,EUR,91.6192
2021-04-09,USD,77.1011
2021-04-10,CNY,11.7647
2021-04-10,EUR,91.7809
2021-04-10,USD,77.1657
2021-04-13,CNY,11.8308
2021-04-13,EUR,92.0669
2021-04-13,USD,77.5104
2021-04-14,CNY,11.7969
2021-04-14,EUR,91.9162
2021-04-14,USD,77.2535
2021-04-15,CNY,11.5832
2021-04-15,EUR,90.5391
2021-04-15,USD,75.6826
2021-04-16,CNY,11.7834
2021-04-16,EUR,92.2307
2021-04-16,USD,76.9808
2021-04-17,CNY,11.5833
2021-04-17,EUR,90.4602
2021-04-17,USD,75.5535
2021-04-20,CNY,11.7106
2021-04-20,EUR,91.476
2021-04-20,USD,76.2491
2021-04-21,CNY,11.7023
2021-04-21,EUR,91.7507
2021-04-21,USD,76.0155
2021-04-22,CNY,11.8264
2021-04-22,EUR,92.2913
2021-04-22,USD,76.8198
2021-04-23,CNY,11.7764
2021-04-23,EUR,92.0423
2021-04-23,USD,76.4217
2021-04-24,CNY,11.5627
2021-04-24,EUR,90.4676
2021-04-24,USD,75.0893
2021-04-27,CNY,11.524
2021-04-27,EUR,90.4468
2021-04-27,USD,74.768
2021-04-28,CNY,11.5569
2021-04-28,EUR,90.4666
2021-04-28,USD,74.9578
2021-04-29,CNY,11.5559
2021-04-29,EUR,90.4289
2021-04-29,USD,74.939
2021-04-30,CNY,11.5036
2021-04-30,EUR,90.1513
2021-04-30,USD,74.3823
2021-05-01,CNY,11.5657
2021-05-01,EUR,90.585
2021-05-01,USD,74.8451
2021-05-05,CNY,11.6253
2021-05-05,EUR,90.451
2021-05-05,USD,75.2567
2021-05-06,CNY,11.5643
2021-05-06,EUR,89.7742
2021-05-06,USD,74.8617
2021-05-07,CNY,11.5196
2021-05-07,EUR,89.6788
2021-05-07,USD,74.577
2021-05-08,CNY,11.478
2021-05-08,EUR,89.506
2021-05-08,USD,74.1373
2021-05-12,CNY,11.5381
2021-05-12,EUR,90.004
2021-05-12,USD,74.1567
2021-05-13,CNY,11.4933
2021-05-13,EUR,89.8475
2021-05-13,USD,74.04
2021-05-14,CNY,11.5198
2021-05-14,EUR,89.9343
2021-05-14,USD,74.3566
2021-05-15,CNY,11.4989
2021-05-15,EUR,89.6249
2021-05-15,USD,73.9968
2021-05-18,CNY,11.4639
2021-05-18,EUR,89.6584
2021-05-18,USD,73.8537
2021-05-19,CNY,11.4714
2021-05-19,EUR,89.9057
2021-05-19,USD,73.6992
2021-05-20,CNY,11.4449
2021-05-20,EUR,90.1006
2021-05-20,USD,73.6778
2021-05-21,CNY,11.4356
2021-05-21,EUR,89.7708
2021-05-21,USD,73.6007
2021-05-22,CNY,11.4358
2021-05-22,EUR,89.9446
2021-05-22,USD,73.5803
2021-05-25,CNY,11.4353
2021-05-25,EUR,89.6877
2021-05-25,USD,73.5266
2021-05-26,CNY,11.453
2021-05-26,EUR,89.9545
2021-05-26,USD,73.3963
2021-05-27,CNY,11.4882
2021-05-27,EUR,89.9392
2021-05-27,USD,73.4737
2021-05-28,CNY,11.5208
2021-05-28,EUR,89.6555
2021-05-28,USD,73.458
2021-05-29,CNY,11.5594
2021-05-29,EUR,89.6731
2021-05-29,USD,73.587
2021-06-01,CNY,11.5219
2021-06-01,EUR,89.3778
2021-06-01,USD,73.2965
2021-06-02,CNY,11.4865
2021-06-02,EUR,89.5958
2021-06-02,USD,73.2411
2021-06-03,CNY,11.5074
2021-06-03,EUR,89.6895
2021-06-03,USD,73.4979
2021-06-04,CNY,11.4589
2021-06-04,EUR,89.2644
2021-06-04,USD,73.2636
2021-06-05,CNY,11.4318
2021-06-05,EUR,88.7545
2021-06-05,USD,73.2721
2021-06-08,CNY,11.4018
2021-06-08,EUR,88.653
2021-06-08,USD,72.9294
2021-06-09,CNY,11.3831
2021-06-09,EUR,88.6433
2021-06-09,USD,72.8256
2021-06-10,CNY,11.2779
2021-06-10,EUR,87.8114
2021-06-10,USD,72.0829
2021-06-11,CNY,11.2976
2021-06-11,EUR,87.8065
2021-06-11,USD,72.1974
2021-06-12,CNY,11.2159
2021-06-12,EUR,87.3274
2021-06-12,USD,71.6797
2021-06-16,CNY,11.2192
2021-06-16,EUR,87.211
2021-06-16,USD,71.8318
2021-06-17,CNY,11.2589
2021-06-17,EUR,87.3536
2021-06-17,USD,72.0323
2021-06-18,CNY,11.279
2021-06-18,EUR,86.7012
2021-06-18,USD,72.5048
2021-06-19,CNY,11.2126
2021-06-19,EUR,85.9943
2021-06-19,USD,72.2216
2021-06-22,CNY,11.313
2021-06-22,EUR,86.8942
2021-06-22,USD,73.1987
2021-06-23,CNY,11.3024
2021-06-23,EUR,87.0677
2021-06-23,USD,73.1661
2021-06-24,CNY,11.2134
2021-06-24,EUR,86.7137
2021-06-24,USD,72.6671
2021-06-25,CNY,11.1733
2021-06-25,EUR,86.3283
2021-06-25,USD,72.326
2021-06-26,CNY,11.1806
2021-06-26,EUR,86.1919
2021-06-26,USD,72.1694
2021-06-29,CNY,11.1786
2021-06-29,EUR,86.1657
2021-06-29,USD,72.1777
2021-06-30,CNY,11.207
2021-06-30,EUR,86.2026
2021-06-30,USD,72.3723
2021-07-01,CNY,11.2545
2021-07-01,EUR,86.5118
2021-07-01,USD,72.7234
2021-07-02,CNY,11.2787
2021-07-02,EUR,86.4113
2021-07-02,USD,72.9086
2021-07-03,CNY,11.3567
2021-07-03,EUR,87.0748
2021-07-03,USD,73.6175
2021-07-06,CNY,11.3535
2021-07-06,EUR,87.0272
2021-07-06,USD,73.354
2021-07-07,CNY,11.3362
2021-07-07,EUR,87.0034
2021-07-07,USD,73.266
2021-07-08,CNY,11.4575
2021-07-08,EUR,87.5588
2021-07-08,USD,74.058
2021-07-09,CNY,11.6019
2021-07-09,EUR,88.7755
2021-07-09,USD,75.1952
2021-07-10,CNY,11.483
2021-07-10,EUR,88.1397
2021-07-10,USD,74.4675
2021-07-13,CNY,11.5307
2021-07-13,EUR,88.605
2021-07-13,USD,74.6336
2021-07-14,CNY,11.4552
2021-07-14,EUR,87.782
2021-07-14,USD,74.0589
2021-07-15,CNY,11.4519
2021-07-15,EUR,87.3917
2021-07-15,USD,74.1236
2021-07-16,CNY,11.4859
2021-07-16,EUR,87.8316
2021-07-16,USD,74.2197
2021-07-17,CNY,11.4673
2021-07-17,EUR,87.5673
2021-07-17,USD,74.1656
2021-07-20,CNY,11.4674
2021-07-20,EUR,87.6097
2021-07-20,USD,74.3463
2021-07-21,CNY,11.4959
2021-07-21,EUR,87.7727
2021-07-21,USD,74.491
2021-07-22,CNY,11.5057
2021-07-22,EUR,87.5983
2021-07-22,USD,74.4947
2021-07-23,CNY,11.3967
2021-07-23,EUR,86.9227
2021-07-23,USD,73.6945
2021-07-24,CNY,11.39
2021-07-24,EUR,86.8451
2021-07-24,USD,73.7663
2021-07-27,CNY,11.4292
2021-07-27,EUR,87.3171
2021-07-27,USD,74.098
2021-07-28,CNY,11.3527
2021-07-28,EUR,86.9919
2021-07-28,USD,73.8471
2021-07-29,CNY,11.3189
2021-07-29,EUR,86.9173
2021-07-29,USD,73.6088
2021-07-30,CNY,11.3249
2021-07-30,EUR,86.8624
2021-07-30,USD,73.1904
2021-07-31,CNY,11.329
2021-07-31,EUR,86.9913
2021-07-31,USD,73.1388
2021-08-03,CNY,11.301
2021-08-03,EUR,86.7717
2021-08-03,USD,73.0156
2021-08-04,CNY,11.2717
2021-08-04,EUR,86.5578
2021-08-04,USD,72.8724
2021-08-05,CNY,11.2631
2021-08-05,EUR,86.4112
2021-08-05,USD,72.7857
2021-08-06,CNY,11.324
2021-08-06,EUR,86.6529
2021-08-06,USD,73.168
2021-08-07,CNY,11.3061
2021-08-07,EUR,86.4621
2021-08-07,USD,73.1304
2021-08-10,CNY,11.3473
2021-08-10,EUR,86.4378
2021-08-10,USD,73.5078
2021-08-11,CNY,11.3555
2021-08-11,EUR,86.3578
2021-08-11,USD,73.5962
2021-08-12,CNY,11.4026
2021-08-12,EUR,86.6257
2021-08-12,USD,73.9695
2021-08-13,CNY,11.358
2021-08-13,EUR,86.3457
2021-08-13,USD,73.5671
2021-08-14,CNY,11.3329
2021-08-14,EUR,86.2195
2021-08-14,USD,73.4721
2021-08-17,CNY,11.3343
2021-08-17,EUR,86.5072
2021-08-17,USD,73.392
2021-08-18,CNY,11.3388
2021-08-18,EUR,86.4804
2021-08-18,USD,73.4753
2021-08-19,CNY,11.3366
2021-08-19,EUR,86.121
2021-08-19,USD,73.4633
2021-08-20,CNY,11.4195
2021-08-20,EUR,86.615
2021-08-20,USD,74.1503
2021-08-21,CNY,11.4403
2021-08-21,EUR,86.8646
2021-08-21,USD,74.364
2021-08-24,CNY,11.4119
2021-08-24,EUR,86.7838
2021-08-24,USD,74.0666
2021-08-25,CNY,11.4157
2021-08-25,EUR,86.8058
2021-08-25,USD,73.9465
2021-08-26,CNY,11.3899
2021-08-26,EUR,86.5814
2021-08-26,USD,73.7428
2021-08-27,CNY,11.4116
2021-08-27,EUR,87.0576
2021-08-27,USD,73.9908
2021-08-28,CNY,11.4177
2021-08-28,EUR,87.0304
2021-08-28,USD,73.9866
2021-08-31,CNY,11.378
2021-08-31,EUR,86.8104
2021-08-31,USD,73.5744
2021-09-01,CNY,11.3367
2021-09-01,EUR,86.666
2021-09-01,USD,73.2781
2021-09-02,CNY,11.3211
2021-09-02,EUR,86.3949
2021-09-02,USD,73.1912
2021-09-03,CNY,11.2747
2021-09-03,EUR,86.297
2021-09-03,USD,72.8491
2021-09-04,CNY,11.2837
2021-09-04,EUR,86.5366
2021-09-04,USD,72.8545
2021-09-07,CNY,11.304
2021-09-07,EUR,86.5743
2021-09-07,USD,72.9538
2021-09-08,CNY,11.3285
2021-09-08,EUR,86.8922
2021-09-08,USD,73.1909
2021-09-09,CNY,11.3651
2021-09-09,EUR,86.9114
2021-09-09,USD,73.4421
2021-09-10,CNY,11.3248
2021-09-10,EUR,86.4677
2021-09-10,USD,73.129
2021-09-11,CNY,11.2957
2021-09-11,EUR,86.1478
2021-09-11,USD,72.76
2021-09-14,CNY,11.323
2021-09-14,EUR,86.115
2021-09-14,USD,73.0841
2021-09-15,CNY,11.2857
2021-09-15,EUR,85.988
2021-09-15,USD,72.7171
2021-09-16,CNY,11.3198
2021-09-16,EUR,86.0674
2021-09-16,USD,72.852
2021-09-17,CNY,11.2391
2021-09-17,EUR,85.3622
2021-09-17,USD,72.4329
2021-09-18,CNY,11.2456
2021-09-18,EUR,85.4614
2021-09-18,USD,72.5602
2021-09-21,CNY,11.3406
2021-09-21,EUR,85.8785
2021-09-21,USD,73.3315
2021-09-22,CNY,11.3213
2021-09-22,EUR,85.8568
2021-09-22,USD,73.2067
2021-09-23,CNY,11.267
2021-09-23,EUR,85.4889
2021-09-23,USD,72.8806
2021-09-24,CNY,11.2584
2021-09-24,EUR,85.204
2021-09-24,USD,72.7245
2021-09-25,CNY,11.294
2021-09-25,EUR,85.6823
2021-09-25,USD,73.0081
2021-09-28,CNY,11.2449
2021-09-28,EUR,85.0355
2021-09-28,USD,72.6613
2021-09-29,CNY,11.2263
2021-09-29,EUR,84.6752
2021-09-29,USD,72.5083
2021-09-30,CNY,11.2494
2021-09-30,EUR,84.8755
2021-09-30,USD,72.7608
2021-10-01,CNY,11.2442
2021-10-01,EUR,84.305
2021-10-01,USD,72.6642
2021-10-02,CNY,11.3114
2021-10-02,EUR,84.4577
2021-10-02,USD,72.9215
2021-10-05,CNY,11.3118
2021-10-05,EUR,84.6355
2021-10-05,USD,72.9239
2021-10-06,CNY,11.2567
2021-10-06,EUR,84.1723
2021-10-06,USD,72.5686
2021-10-07,CNY,11.2566
2021-10-07,EUR,83.9251
2021-10-07,USD,72.5682
2021-10-08,CNY,11.2128
2021-10-08,EUR,83.6053
2021-10-08,USD,72.2854
2021-10-09,CNY,11.1625
2021-10-09,EUR,83.1248
2021-10-09,USD,71.9882
2021-10-12,CNY,11.1281
2021-10-12,EUR,82.9273
2021-10-12,USD,71.6373
2021-10-13,CNY,11.1325
2021-10-13,EUR,83.0934
2021-10-13,USD,71.8801
2021-10-14,CNY,11.149
2021-10-14,EUR,83.0028
2021-10-14,USD,71.8577
2021-10-15,CNY,11.1569
2021-10-15,EUR,83.3347
2021-10-15,USD,71.7846
2021-10-16,CNY,11.0802
2021-10-16,EUR,82.7276
2021-10-16,USD,71.2371
2021-10-19,CNY,11.0619
2021-10-19,EUR,82.4592
2021-10-19,USD,71.1714
2021-10-20,CNY,11.0871
2021-10-20,EUR,82.6841
2021-10-20,USD,70.9674
2021-10-21,CNY,11.1139
2021-10-21,EUR,82.6162
2021-10-21,USD,71.0555
2021-10-22,CNY,11.0947
2021-10-22,EUR,82.6399
2021-10-22,USD,70.9904
2021-10-23,CNY,11.089
2021-10-23,EUR,82.4979
2021-10-23,USD,70.8623
2021-10-26,CNY,10.9908
2021-10-26,EUR,81.7418
2021-10-26,USD,70.1345
2021-10-27,CNY,10.8993
2021-10-27,EUR,80.7019
2021-10-27,USD,69.5526
2021-10-28,CNY,10.9188
2021-10-28,EUR,81.0289
2021-10-28,USD,69.8104
2021-10-29,CNY,11.0194
2021-10-29,EUR,81.8393
2021-10-29,USD,70.5207
2021-10-30,CNY,11.0188
2021-10-30,EUR,82.2898
2021-10-30,USD,70.52
2021-11-02,CNY,11.101
2021-11-02,EUR,82.1687
2021-11-02,USD,71.0863
2021-11-03,CNY,11.1704
2021-11-03,EUR,82.9577
2021-11-03,USD,71.4783
2021-11-04,CNY,11.1745
2021-11-04,EUR,82.8112
2021-11-04,USD,71.4876
2021-11-09,CNY,11.1595
2021-11-09,EUR,82.5355
2021-11-09,USD,71.3975
2021-11-10,CNY,11.1465
2021-11-10,EUR,82.6497
2021-11-10,USD,71.2866
2021-11-11,CNY,11.0601
2021-11-11,EUR,81.787
2021-11-11,USD,70.695
2021-11-12,CNY,11.1158
2021-11-12,EUR,81.6552
2021-11-12,USD,71.1964
2021-11-13,CNY,11.2369
2021-11-13,EUR,82.2173
2021-11-13,USD,71.8118
2021-11-16,CNY,11.3267
2021-11-16,EUR,82.7736
2021-11-16,USD,72.2724
2021-11-17,CNY,11.3768
2021-11-17,EUR,82.5244
2021-11-17,USD,72.5553
2021-11-18,CNY,11.4108
2021-11-18,EUR,82.3553
2021-11-18,USD,72.8228
2021-11-19,CNY,11.3773
2021-11-19,EUR,82.2583
2021-11-19,USD,72.6022
2021-11-20,CNY,11.4016
2021-11-20,EUR,82.5845
2021-11-20,USD,72.7617
2021-11-23,CNY,11.5175
2021-11-23,EUR,82.7715
2021-11-23,USD,73.4506
2021-11-24,CNY,11.7212
2021-11-24,EUR,84.1718
2021-11-24,USD,74.8327
2021-11-25,CNY,11.6427
2021-11-25,EUR,83.6394
2021-11-25,USD,74.3726
2021-11-26,CNY,11.6758
2021-11-26,EUR,83.6793
2021-11-26,USD,74.6004
2021-11-27,CNY,11.8266
2021-11-27,EUR,84.9526
2021-11-27,USD,75.5873
2021-11-30,CNY,11.7482
2021-11-30,EUR,84.482
2021-11-30,USD,74.9818
2021-12-01,CNY,11.7547
2021-12-01,EUR,84.8234
2021-12-01,USD,74.8926
2021-12-02,CNY,11.6128
2021-12-02,EUR,83.8354
2021-12-02,USD,73.9746
2021-12-03,CNY,11.6213
2021-12-03,EUR,83.8105
2021-12-03,USD,74.0637
2021-12-04,CNY,11.578
2021-12-04,EUR,83.2406
2021-12-04,USD,73.7426
2021-12-07,CNY,11.5622
2021-12-07,EUR,83.1138
2021-12-07,USD,73.6694
2021-12-08,CNY,11.6426
2021-12-08,EUR,83.7114
2021-12-08,USD,74.1399
2021-12-09,CNY,11.622
2021-12-09,EUR,83.364
2021-12-09,USD,73.8453
2021-12-10,CNY,11.6
2021-12-10,EUR,83.3444
2021-12-10,USD,73.5998
2021-12-11,CNY,11.5542
2021-12-11,EUR,83.1158
2021-12-11,USD,73.6059
2021-12-14,CNY,11.536
2021-12-14,EUR,82.866
2021-12-14,USD,73.4107
2021-12-15,CNY,11.5466
2021-12-15,EUR,82.8299
2021-12-15,USD,73.4698
2021-12-16,CNY,11.6029
2021-12-16,EUR,83.2375
2021-12-16,USD,73.851
2021-12-17,CNY,11.5525
2021-12-17,EUR,83.1571
2021-12-17,USD,73.5708
2021-12-18,CNY,11.5678
2021-12-18,EUR,83.5026
2021-12-18,USD,73.733
2021-12-21,CNY,11.6482
2021-12-21,EUR,83.6187
2021-12-21,USD,74.2947
2021-12-22,CNY,11.5884
2021-12-22,EUR,83.3213
2021-12-22,USD,73.8206
2021-12-23,CNY,11.5796
2021-12-23,EUR,83.1541
2021-12-23,USD,73.7901
2021-12-24,CNY,11.5162
2021-12-24,EUR,83.1223
2021-12-24,USD,73.3583
2021-12-25,CNY,11.4907
2021-12-25,EUR,82.93
2021-12-25,USD,73.1886
2021-12-28,CNY,11.4924
2021-12-28,EUR,82.9363
2021-12-28,USD,73.2329
2021-12-29,CNY,11.5353
2021-12-29,EUR,83.2194
2021-12-29,USD,73.4959
2021-12-30,CNY,11.5599
2021-12-30,EUR,83.204
2021-12-30,USD,73.6514
2021-12-31,CNY,11.6503
2021-12-31,EUR,84.0695
2021-12-31,USD,74.2926
2022-01-11,CNY,11.7907
2022-01-11,EUR,85.1315
2022-01-11,USD,75.1315
2022-01-12,CNY,11.7446
2022-01-12,EUR,84.8784
2022-01-12,USD,74.8355
2022-01-13,CNY,11.7088
2022-01-13,EUR,84.6709
2022-01-13,USD,74.5277
2022-01-14,CNY,11.7246
2022-01-14,EUR,85.4556
2022-01-14,USD,74.5686
2022-01-15,CNY,11.9457
2022-01-15,EUR,86.8894
2022-01-15,USD,75.7668
2022-01-18,CNY,11.9798
2022-01-18,EUR,86.8609
2022-01-18,USD,76.0404
2022-01-19,CNY,12.018
2022-01-19,EUR,87.0216
2022-01-19,USD,76.3347
2022-01-20,CNY,12.1011
2022-01-20,EUR,87.1318
2022-01-20,USD,76.8697
2022-01-21,CNY,12.052
2022-01-21,EUR,86.8215
2022-01-21,USD,76.4408
2022-01-22,CNY,12.0972
2022-01-22,EUR,86.9054
2022-01-22,USD,76.6903
2022-01-25,CNY,12.219
2022-01-25,EUR,87.5925
2022-01-25,USD,77.3649
2022-01-26,CNY,12.4324
2022-01-26,EUR,88.9286
2022-01-26,USD,78.6422
2022-01-27,CNY,12.4864
2022-01-27,EUR,89.1511
2022-01-27,USD,78.9437
2022-01-28,CNY,12.4054
2022-01-28,EUR,88.468
2022-01-28,USD,78.947
2022-01-29,CNY,12.2258
2022-01-29,EUR,86.6419
2022-01-29,USD,77.8174
2022-02-01,CNY,12.1789
2022-02-01,EUR,86.5032
2022-02-01,USD,77.4702
2022-02-02,CNY,12.1255
2022-02-02,EUR,86.7869
2022-02-02,USD,77.1302
2022-02-03,CNY,12.024
2022-02-03,EUR,86.2826
2022-02-03,USD,76.4849
2022-02-04,CNY,12.05
2022-02-04,EUR,86.561
2022-02-04,USD,76.6501
2022-02-05,CNY,11.9558
2022-02-05,EUR,87.1163
2022-02-05,USD,76.0509
2022-02-08,CNY,11.9028
2022-02-08,EUR,86.5181
2022-02-08,USD,75.6806
2022-02-09,CNY,11.8243
2022-02-09,EUR,85.892
2022-02-09,USD,75.3042
2022-02-10,CNY,11.7592
2022-02-10,EUR,85.3784
2022-02-10,USD,74.8015
2022-02-11,CNY,11.7502
2022-02-11,EUR,85.3798
2022-02-11,USD,74.7241
2022-02-12,CNY,11.7915
2022-02-12,EUR,85.3574
2022-02-12,USD,74.9867
2022-02-15,CNY,12.0416
2022-02-15,EUR,86.8451
2022-02-15,USD,76.5762
2022-02-16,CNY,11.9988
2022-02-16,EUR,86.2656
2022-02-16,USD,76.166
2022-02-17,CNY,11.841
2022-02-17,EUR,85.306
2022-02-17,USD,75.0141
2022-02-18,CNY,11.9516
2022-02-18,EUR,86.1308
2022-02-18,USD,75.7527
2022-02-19,CNY,11.9751
2022-02-19,EUR,86.1489
2022-02-19,USD,75.7619
2022-02-22,CNY,12.1208
2022-02-22,EUR,87.3379
2022-02-22,USD,76.7671
2022-02-23,CNY,12.6927
2022-02-23,EUR,90.882
2022-02-23,USD,80.4194
2022-02-25,CNY,13.7485
2022-02-25,EUR,97.7688
2022-02-25,USD,86.9288
2022-02-26,CNY,13.2325
2022-02-26,EUR,93.5994
2022-02-26,USD,83.5485
2022-03-01,CNY,14.8243
2022-03-01,EUR,104.4772
2022-03-01,USD,93.5589
2022-03-02,CNY,14.534
2022-03-02,EUR,102.9112
2022-03-02,USD,91.7457
2022-03-03,CNY,16.3599
2022-03-03,EUR,114.5544
2022-03-03,USD,103.2487
2022-03-04,CNY,17.6869
2022-03-04,EUR,124.0161
2022-03-04,USD,111.7564
2022-03-05,CNY,16.7449
2022-03-05,EUR,116.5312
2022-03-05,USD,105.8124
2022-03-06,CNY,16.7425
2022-03-06,EUR,115.6212
2022-03-06,USD,105.8124
2022-03-10,CNY,18.3719
2022-03-10,EUR,126.4395
2022-03-10,USD,116.0847
2022-03-11,CNY,19.0415
2022-03-11,EUR,132.9581
2022-03-11,USD,120.3785
2022-03-12,CNY,18.4678
2022-03-12,EUR,128.9523
2022-03-12,USD,116.7517
2022-03-15,CNY,18.2218
2022-03-15,EUR,127.2343
2022-03-15,USD,115.1963
2022-03-16,CNY,17.4743
2022-03-16,EUR,122.4522
2022-03-16,USD,111.4823
2022-03-17,CNY,17.0155
2022-03-17,EUR,118.7601
2022-03-17,USD,108.0521
2022-03-18,CNY,16.5039
2022-03-18,EUR,115.9311
2022-03-18,USD,104.8012
2022-03-19,CNY,16.3332
2022-03-19,EUR,114.3996
2022-03-19,USD,103.9524
2022-03-22,CNY,16.4716
2022-03-22,EUR,115.6002
2022-03-22,USD,104.6819
2022-03-23,CNY,16.3582
2022-03-23,EUR,114.7833
2022-03-23,USD,104.0741
2022-03-24,CNY,16.1891
2022-03-24,EUR,113.2613
2022-03-24,USD,103.1618
2022-03-25,CNY,15.0771
2022-03-25,EUR,105.4679
2022-03-25,USD,96.0458
2022-03-26,CNY,15.031
2022-03-26,EUR,105.2662
2022-03-26,USD,95.6618
2022-03-29,CNY,14.7104
2022-03-29,EUR,102.6714
2022-03-29,USD,93.7125
2022-03-30,CNY,13.555
2022-03-30,EUR,96.0085
2022-03-30,USD,86.2843
2022-03-31,CNY,13.2388
2022-03-31,EUR,93.696
2022-03-31,USD,84.0851
2022-04-01,CNY,13.1569
2022-04-01,EUR,92.493
2022-04-01,USD,83.4097
2022-04-02,CNY,13.1111
2022-04-02,EUR,92.1468
2022-04-02,USD,83.4285
2022-04-05,CNY,13.1372
2022-04-05,EUR,92.3872
2022-04-05,USD,83.5932
2022-04-06,CNY,13.0993
2022-04-06,EUR,91.7289
2022-04-06,USD,83.352
2022-04-07,CNY,12.9838
2022-04-07,EUR,90.5998
2022-04-07,USD,82.5962
2022-04-08,CNY,11.9862
2022-04-08,EUR,83.293
2022-04-08,USD,76.2547
2022-04-09,CNY,11.7611
2022-04-09,EUR,81.7064
2022-04-09,USD,74.8501
2022-04-12,CNY,12.4234
2022-04-12,EUR,85.9752
2022-04-12,USD,79.1596
2022-04-13,CNY,12.5043
2022-04-13,EUR,86.7939
2022-04-13,USD,79.6274
2022-04-14,CNY,12.5374
2022-04-14,EUR,86.7219
2022-04-14,USD,79.8471
2022-04-15,CNY,12.7499
2022-04-15,EUR,88.0024
2022-04-15,USD,81.288
2022-04-16,CNY,12.563
2022-04-16,EUR,87.0715
2022-04-16,USD,80.0437
2022-04-19,CNY,12.4818
2022-04-19,EUR,86.4289
2022-04-19,USD,79.4529
2022-04-20,CNY,12.3602
2022-04-20,EUR,85.9674
2022-04-20,USD,79.0287
2022-04-21,CNY,12.0155
2022-04-21,EUR,83.2705
2022-04-21,USD,77.0809
2022-04-22,CNY,11.635
2022-04-22,EUR,81.2239
2022-04-22,USD,74.999
2022-04-23,CNY,11.3057
2022-04-23,EUR,80.0249
2022-04-23,USD,73.505
2022-04-26,CNY,11.2289
2022-04-26,EUR,77.4651
2022-04-26,USD,73.3611
2022-04-27,CNY,11.1576
2022-04-27,EUR,76.667
2022-04-27,USD,72.7089
2022-04-28,CNY,11.1223
2022-04-28,EUR,75.9224
2022-04-28,USD,72.8764
2022-04-29,CNY,10.9613
2022-04-29,EUR,75.3117
2022-04-29,USD,72.2953
2022-04-30,CNY,10.8518
2022-04-30,EUR,74.5589
2022-04-30,USD,71.0237
2022-05-05,CNY,10.4877
2022-05-05,EUR,72.7815
2022-05-05,USD,69.416
2022-05-06,CNY,9.9965
2022-05-06,EUR,70.0662
2022-05-06,USD,66.2378
2022-05-07,CNY,10.0352
2022-05-07,EUR,71.0963
2022-05-07,USD,67.3843
2022-05-12,CNY,10.2029
2022-05-12,EUR,72.6314
2022-05-12,USD,68.8389
2022-05-13,CNY,9.6905
2022-05-13,EUR,68.7835
2022-05-13,USD,65.7916
2022-05-14,CNY,9.3654
2022-05-14,EUR,65.7939
2022-05-14,USD,63.7799
2022-05-17,CNY,9.3623
2022-05-17,EUR,65.8166
2022-05-17,USD,63.4445
2022-05-18,CNY,9.4471
2022-05-18,EUR,66.3644
2022-05-18,USD,63.5428
2022-05-19,CNY,9.4595
2022-05-19,EUR,66.6135
2022-05-19,USD,63.5643
2022-05-20,CNY,9.2395
2022-05-20,EUR,64.9358
2022-05-20,USD,62.4031
2022-05-21,CNY,8.8803
2022-05-21,EUR,60.8953
2022-05-21,USD,58.8862
2022-05-24,CNY,8.7985
2022-05-24,EUR,60.3851
2022-05-24,USD,58.2087
2022-05-25,CNY,8.7065
2022-05-25,EUR,58.8705
2022-05-25,USD,56.969
2022-05-26,CNY,8.5902
2022-05-26,EUR,57.921
2022-05-26,USD,56.2996
2022-05-27,CNY,9.4764
2022-05-27,EUR,64.4392
2022-05-27,USD,62.0495
2022-05-28,CNY,10.0616
2022-05-28,EUR,69.4353
2022-05-28,USD,66.4029
2022-05-31,CNY,9.5602
2022-05-31,EUR,64.717
2022-05-31,USD,63.0975
2022-06-01,CNY,9.407
2022-06-01,EUR,62.7397
2022-06-01,USD,61.6069
2022-06-02,CNY,9.3709
2022-06-02,EUR,63.6629
2022-06-02,USD,61.4733
2022-06-03,CNY,9.357
2022-06-03,EUR,64.9053
2022-06-03,USD,61.575
2022-06-04,CNY,9.4166
2022-06-04,EUR,65.9191
2022-06-04,USD,61.9659
2022-06-07,CNY,9.3098
2022-06-07,EUR,64.8669
2022-06-07,USD,61.1094
2022-06-08,CNY,9.3004
2022-06-08,EUR,64.5699
2022-06-08,USD,60.9565
2022-06-09,CNY,9.2661
2022-06-09,EUR,63.938
2022-06-09,USD,60.2282
2022-06-10,CNY,9.0811
2022-06-10,EUR,62.0934
2022-06-10,USD,58.3895
2022-06-11,CNY,8.8979
2022-06-11,EUR,60.9656
2022-06-11,USD,57.778
2022-06-15,CNY,8.6051
2022-06-15,EUR,59.2481
2022-06-15,USD,57.0926
2022-06-16,CNY,8.5416
2022-06-16,EUR,59.1204
2022-06-16,USD,56.6624
2022-06-17,CNY,8.5545
2022-06-17,EUR,58.9568
2022-06-17,USD,56.8691
2022-06-18,CNY,8.5578
2022-06-18,EUR,59.3299
2022-06-18,USD,56.7101
2022-06-21,CNY,8.474
2022-06-21,EUR,58.8003
2022-06-21,USD,56.1727
2022-06-22,CNY,8.2699
2022-06-22,EUR,57.4566
2022-06-22,USD,54.7081
2022-06-23,CNY,8.0226
2022-06-23,EUR,55.8307
2022-06-23,USD,53.2788
2022-06-24,CNY,8.0048
2022-06-24,EUR,55.9886
2022-06-24,USD,53.3578
2022-06-25,CNY,8.0183
2022-06-25,EUR,55.964
2022-06-25,USD,53.3234
2022-06-28,CNY,8.0484
2022-06-28,EUR,56.0535
2022-06-28,USD,53.3641
2022-06-29,CNY,7.9762
2022-06-29,EUR,55.8886
2022-06-29,USD,52.9699
2022-06-30,CNY,7.6985
2022-06-30,EUR,53.858
2022-06-30,USD,51.158
2022-07-01,CNY,8.289
2022-07-01,EUR,54.6405
2022-07-01,USD,52.5123
2022-07-02,CNY,8.5942
2022-07-02,EUR,56.3584
2022-07-02,USD,53.7676
2022-07-05,CNY,8.714
2022-07-05,EUR,57.1836
2022-07-05,USD,55.0858
2022-07-06,CNY,8.9461
2022-07-06,EUR,60.1618
2022-07-06,USD,58.5118
2022-07-07,CNY,9.5579
2022-07-07,EUR,64.326
2022-07-07,USD,62.911
2022-07-08,CNY,9.5937
2022-07-08,EUR,64.1349
2022-07-08,USD,63.1427
2022-07-09,CNY,9.2827
2022-07-09,EUR,62.0499
2022-07-09,USD,61.2664
2022-07-12,CNY,9.2102
2022-07-12,EUR,61.8056
2022-07-12,USD,61.3045
2022-07-13,CNY,8.7948
2022-07-13,EUR,58.7643
2022-07-13,USD,58.8541
2022-07-14,CNY,8.7245
2022-07-14,EUR,58.9002
2022-07-14,USD,58.5322
2022-07-15,CNY,8.6395
2022-07-15,EUR,58.3432
2022-07-15,USD,58.2568
2022-07-16,CNY,8.5723
2022-07-16,EUR,57.8851
2022-07-16,USD,57.8323
2022-07-19,CNY,8.4264
2022-07-19,EUR,57.1526
2022-07-19,USD,56.5616
2022-07-20,CNY,8.2579
2022-07-20,EUR,56.4463
2022-07-20,USD,55.437
2022-07-21,CNY,8.1601
2022-07-21,EUR,55.826
2022-07-21,USD,54.8491
2022-07-22,CNY,8.3985
2022-07-22,EUR,57.1133
2022-07-22,USD,56.4783
2022-07-23,CNY,8.5828
2022-07-23,EUR,57.7608
2022-07-23,USD,57.3917
2022-07-26,CNY,8.631
2022-07-26,EUR,58.6741
2022-07-26,USD,57.7821
2022-07-27,CNY,8.7872
2022-07-27,EUR,59.4068
2022-07-27,USD,58.6605
2022-07-28,CNY,9.0413
2022-07-28,EUR,61.0032
2022-07-28,USD,60.2198
2022-07-29,CNY,9.0455
2022-07-29,EUR,61.2171
2022-07-29,USD,60.2031
2022-07-30,CNY,9.2164
2022-07-30,EUR,62.5695
2022-07-30,USD,61.3101
2022-08-02,CNY,9.2823
2022-08-02,EUR,63.2468
2022-08-02,USD,62.0506
2022-08-03,CNY,8.9518
2022-08-03,EUR,61.2656
2022-08-03,USD,60.1595
2022-08-04,CNY,8.9446
2022-08-04,EUR,61.1243
2022-08-04,USD,60.2374
2022-08-05,CNY,8.9336
2022-08-05,EUR,61.0872
2022-08-05,USD,60.258
2022-08-06,CNY,8.9688
2022-08-06,EUR,61.361
2022-08-06,USD,60.3696
2022-08-09,CNY,8.9613
2022-08-09,EUR,61.1615
2022-08-09,USD,60.3164
2022-08-10,CNY,8.9534
2022-08-10,EUR,61.5542
2022-08-10,USD,60.3814
2022-08-11,CNY,8.9525
2022-08-11,EUR,61.704
2022-08-11,USD,60.4542
2022-08-12,CNY,9.0058
2022-08-12,EUR,62.5156
2022-08-12,USD,60.6229
2022-08-13,CNY,9.0398
2022-08-13,EUR,62.5355
2022-08-13,USD,60.8993
2022-08-16,CNY,9.0451
2022-08-16,EUR,62.5056
2022-08-16,USD,61.3747
2022-08-17,CNY,9.0156
2022-08-17,EUR,62.3551
2022-08-17,USD,61.4247
2022-08-18,CNY,8.951
2022-08-18,EUR,61.8322
2022-08-18,USD,60.7552
2022-08-19,CNY,8.8274
2022-08-19,EUR,60.8957
2022-08-19,USD,59.957
2022-08-20,CNY,8.6583
2022-08-20,EUR,59.3934
2022-08-20,USD,59.1321
2022-08-23,CNY,8.7128
2022-08-23,EUR,59.5344
2022-08-23,USD,59.7419
2022-08-24,CNY,8.7174
2022-08-24,EUR,59.3304
2022-08-24,USD,59.8963
2022-08-25,CNY,8.7353
2022-08-25,EUR,59.5082
2022-08-25,USD,59.9974
2022-08-26,CNY,8.7194
2022-08-26,EUR,59.5983
2022-08-26,USD,59.7699
2022-08-27,CNY,8.7448
2022-08-27,EUR,59.8784
2022-08-27,USD,60.0924
2022-08-30,CNY,8.7217
2022-08-30,EUR,59.9608
2022-08-30,USD,60.3636
2022-08-31,CNY,8.7383
2022-08-31,EUR,60.5752
2022-08-31,USD,60.3677
2022-09-01,CNY,8.7261
2022-09-01,EUR,60.2141
2022-09-01,USD,60.2386
2022-09-02,CNY,8.7284
2022-09-02,EUR,60.2842
2022-09-02,USD,60.237
2022-09-03,CNY,8.7436
2022-09-03,EUR,60.2187
2022-09-03,USD,60.3713
2022-09-06,CNY,8.7842
2022-09-06,EUR,60.1408
2022-09-06,USD,60.9033
2022-09-07,CNY,8.7471
2022-09-07,EUR,60.4929
2022-09-07,USD,60.8544
2022-09-08,CNY,8.7565
2022-09-08,EUR,60.5458
2022-09-08,USD,61.1814
2022-09-09,CNY,8.7374
2022-09-09,EUR,60.6952
2022-09-09,USD,60.801
2022-09-10,CNY,8.7351
2022-09-10,EUR,60.8571
2022-09-10,USD,60.4696
2022-09-13,CNY,8.7252
2022-09-13,EUR,61.3127
2022-09-13,USD,60.4568
2022-09-14,CNY,8.6616
2022-09-14,EUR,60.9364
2022-09-14,USD,60.0676
2022-09-15,CNY,8.5677
2022-09-15,EUR,59.8368
2022-09-15,USD,59.7751
2022-09-16,CNY,8.5423
2022-09-16,EUR,59.6196
2022-09-16,USD,59.6663
2022-09-17,CNY,8.5461
2022-09-17,EUR,59.874
2022-09-17,USD,60.0316
2022-09-20,CNY,8.5547
2022-09-20,EUR,60.0426
2022-09-20,USD,60.1662
2022-09-21,CNY,8.5417
2022-09-21,EUR,60.0507
2022-09-21,USD,60.0158
2022-09-22,CNY,8.6024
2022-09-22,EUR,60.211
2022-09-22,USD,60.8685
2022-09-23,CNY,8.4383
2022-09-23,EUR,58.9388
2022-09-23,USD,59.8318
2022-09-24,CNY,8.1533
2022-09-24,EUR,56.4751
2022-09-24,USD,58.1006
2022-09-27,CNY,8.0905
2022-09-27,EUR,55.9278
2022-09-27,USD,57.999
2022-09-28,CNY,8.1056
2022-09-28,EUR,55.9953
2022-09-28,USD,58.1756
2022-09-29,CNY,8.072
2022-09-29,EUR,55.7232
2022-09-29,USD,58.4485
2022-09-30,CNY,7.985
2022-09-30,EUR,55.4064
2022-09-30,USD,57.413
2022-10-01,CNY,8.1553
2022-10-01,EUR,52.7379
2022-10-01,USD,55.2987
2022-10-04,CNY,8.1332
2022-10-04,EUR,54.3947
2022-10-04,USD,57.5664
2022-10-05,CNY,8.1823
2022-10-05,EUR,56.1725
2022-10-05,USD,58.7913
2022-10-06,CNY,8.3637
2022-10-06,EUR,58.0613
2022-10-06,USD,59.4043
2022-10-07,CNY,8.5908
2022-10-07,EUR,58.2392
2022-10-07,USD,60.2534
2022-10-08,CNY,8.5936
2022-10-08,EUR,59.9756
2022-10-08,USD,61.2475
2022-10-11,CNY,8.6155
2022-10-11,EUR,60.8019
2022-10-11,USD,62.3126
2022-10-12,CNY,8.7524
2022-10-12,EUR,62.3481
2022-10-12,USD,63.684
2022-10-13,CNY,8.6698
2022-10-13,EUR,62.5867
2022-10-13,USD,63.7559
2022-10-14,CNY,8.7049
2022-10-14,EUR,62.5903
2022-10-14,USD,63.4917
2022-10-15,CNY,8.6915
2022-10-15,EUR,62.4695
2022-10-15,USD,63.0558
2022-10-18,CNY,8.523
2022-10-18,EUR,60.5608
2022-10-18,USD,61.7634
2022-10-19,CNY,8.5098
2022-10-19,EUR,60.53
2022-10-19,USD,61.7032
2022-10-20,CNY,8.4571
2022-10-20,EUR,60.1086
2022-10-20,USD,61.5905
2022-10-21,CNY,8.4519
2022-10-21,EUR,60.4371
2022-10-21,USD,61.5018
2022-10-22,CNY,8.3732
2022-10-22,EUR,59.8378
2022-10-22,USD,61.1958
2022-10-25,CNY,8.3217
2022-10-25,EUR,60.1575
2022-10-25,USD,61.1629
2022-10-26,CNY,8.3242
2022-10-26,EUR,60.4648
2022-10-26,USD,61.3326
2022-10-27,CNY,8.4784
2022-10-27,EUR,61.5682
2022-10-27,USD,61.4277
2022-10-28,CNY,8.4397
2022-10-28,EUR,61.5718
2022-10-28,USD,61.3589
2022-10-29,CNY,8.4316
2022-10-29,EUR,61.1328
2022-10-29,USD,61.5343
2022-11-01,CNY,8.3947
2022-11-01,EUR,61.1196
2022-11-01,USD,61.6229
2022-11-02,CNY,8.4055
2022-11-02,EUR,60.9668
2022-11-02,USD,61.4275
2022-11-03,CNY,8.4285
2022-11-03,EUR,60.9216
2022-11-03,USD,61.6175
2022-11-04,CNY,8.4304
2022-11-04,EUR,60.6071
2022-11-04,USD,62.0955
2022-11-08,CNY,8.4315
2022-11-08,EUR,60.9013
2022-11-08,USD,61.2367
2022-11-09,CNY,8.37
2022-11-09,EUR,60.8231
2022-11-09,USD,60.9774
2022-11-10,CNY,8.3972
2022-11-10,EUR,61.2445
2022-11-10,USD,61.0611
2022-11-11,CNY,8.4046
2022-11-11,EUR,61.0037
2022-11-11,USD,61.2434
2022-11-12,CNY,8.4464
2022-11-12,EUR,61.5416
2022-11-12,USD,60.2179
2022-11-15,CNY,8.5425
2022-11-15,EUR,62.1554
2022-11-15,USD,60.3982
2022-11-16,CNY,8.5369
2022-11-16,EUR,62.6297
2022-11-16,USD,60.3116
2022-11-17,CNY,8.5003
2022-11-17,EUR,62.6675
2022-11-17,USD,60.3484
2022-11-18,CNY,8.4468
2022-11-18,EUR,62.5712
2022-11-18,USD,60.3894
2022-11-19,CNY,8.472
2022-11-19,EUR,62.4484
2022-11-19,USD,60.3741
2022-11-22,CNY,8.4756
2022-11-22,EUR,62.1245
2022-11-22,USD,60.7379
2022-11-23,CNY,8.4722
2022-11-23,EUR,62.1774
2022-11-23,USD,60.6566
2022-11-24,CNY,8.4362
2022-11-24,EUR,62.285
2022-11-24,USD,60.5043
2022-11-25,CNY,8.438
2022-11-25,EUR,62.7814
2022-11-25,USD,60.3866
2022-11-26,CNY,8.4245
2022-11-26,EUR,62.8762
2022-11-26,USD,60.4797
2022-11-29,CNY,8.4126
2022-11-29,EUR,63.3008
2022-11-29,USD,60.752
2022-11-30,CNY,8.488
2022-11-30,EUR,63.3882
2022-11-30,USD,61.0742
2022-12-01,CNY,8.5375
2022-12-01,EUR,63.0504
2022-12-01,USD,60.8803
2022-12-02,CNY,8.6371
2022-12-02,EUR,63.8279
2022-12-02,USD,61.1479
2022-12-03,CNY,8.784
2022-12-03,EUR,64.9868
2022-12-03,USD,61.7749
2022-12-06,CNY,8.9312
2022-12-06,EUR,65.5205
2022-12-06,USD,62.1849
2022-12-07,CNY,8.9683
2022-12-07,EUR,66.1087
2022-12-07,USD,62.9103
2022-12-08,CNY,8.9904
2022-12-08,EUR,65.8966
2022-12-08,USD,62.9372
2022-12-09,CNY,8.9743
2022-12-09,EUR,65.6762
2022-12-09,USD,62.5722
2022-12-10,CNY,8.9624
2022-12-10,EUR,65.8407
2022-12-10,USD,62.3813
2022-12-13,CNY,8.9844
2022-12-13,EUR,66.27
2022-12-13,USD,62.7674
2022-12-14,CNY,9.0373
2022-12-14,EUR,66.7017
2022-12-14,USD,63.212
2022-12-15,CNY,9.1086
2022-12-15,EUR,67.4478
2022-12-15,USD,63.359
2022-12-16,CNY,9.2079
2022-12-16,EUR,68.447
2022-12-16,USD,64.3015
2022-12-17,CNY,9.2438
2022-12-17,EUR,68.7798
2022-12-17,USD,64.6078
2022-12-20,CNY,9.4996
2022-12-20,EUR,70.6196
2022-12-20,USD,66.3474
2022-12-21,CNY,9.879
2022-12-21,EUR,73.3389
2022-12-21,USD,69.0037
2022-12-22,CNY,10.0836
2022-12-22,EUR,75.0914
2022-12-22,USD,70.5256
2022-12-23,CNY,10.26
2022-12-23,EUR,76.6446
2022-12-23,USD,72.1306
2022-12-24,CNY,9.7588
2022-12-24,EUR,73.0407
2022-12-24,USD,68.676
2022-12-27,CNY,9.7333
2022-12-27,EUR,72.6226
2022-12-27,USD,68.4487
2022-12-28,CNY,9.9458
2022-12-28,EUR,74.1829
2022-12-28,USD,69.9346
2022-12-29,CNY,10.1469
2022-12-29,EUR,75.66
2022-12-29,USD,71.3261
2022-12-30,CNY,10.1306
2022-12-30,EUR,76.0765
2022-12-30,USD,71.9778
2022-12-31,CNY,9.8949
2022-12-31,EUR,75.6553
2022-12-31,USD,70.3375
2023-01-10,CNY,10.2867
2023-01-10,EUR,75.0785
2023-01-10,USD,70.3002
2023-01-11,CNY,10.22
2023-01-11,EUR,74.5438
2023-01-11,USD,69.6094
2023-01-12,CNY,10.1396
2023-01-12,EUR,74.1361
2023-01-12,USD,69.0202
2023-01-13,CNY,10.0016
2023-01-13,EUR,72.7908
2023-01-13,USD,67.7775
2023-01-14,CNY,10.0307
2023-01-14,EUR,73.1131
2023-01-14,USD,67.5744
2023-01-17,CNY,10.1368
2023-01-17,EUR,73.8298
2023-01-17,USD,68.2892
2023-01-18,CNY,10.1146
2023-01-18,EUR,74.2646
2023-01-18,USD,68.6644
2023-01-19,CNY,10.1751
2023-01-19,EUR,74.5882
2023-01-19,USD,68.8728
2023-01-20,CNY,10.132
2023-01-20,EUR,74.4058
2023-01-20,USD,68.8467
2023-01-21,CNY,10.1227
2023-01-21,EUR,74.3434
2023-01-21,USD,68.6656
2023-01-24,CNY,10.1125
2023-01-24,EUR,74.7307
2023-01-24,USD,68.6288
2023-01-25,CNY,10.111
2023-01-25,EUR,74.6948
2023-01-25,USD,68.7529
2023-01-26,CNY,10.1479
2023-01-26,EUR,74.9564
2023-01-26,USD,68.9573
2023-01-27,CNY,10.2491
2023-01-27,EUR,75.3348
2023-01-27,USD,69.1263
2023-01-28,CNY,10.2525
2023-01-28,EUR,75.4062
2023-01-28,USD,69.3372
2023-01-31,CNY,10.3077
2023-01-31,EUR,75.7799
2023-01-31,USD,69.5927
2023-02-01,CNY,10.4259
2023-02-01,EUR,76.3004
2023-02-01,USD,70.5174
2023-02-02,CNY,10.3905
2023-02-02,EUR,76.2245
2023-02-02,USD,70.1217
2023-02-03,CNY,10.4037
2023-02-03,EUR,76.9564
2023-02-03,USD,70.0414
2023-02-04,CNY,10.4217
2023-02-04,EUR,76.7344
2023-02-04,USD,70.3847
2023-02-07,CNY,10.3815
2023-02-07,EUR,76.0347
2023-02-07,USD,70.5991
2023-02-08,CNY,10.4331
2023-02-08,EUR,75.9087
2023-02-08,USD,70.8924
2023-02-09,CNY,10.5391
2023-02-09,EUR,76.8344
2023-02-09,USD,71.5763
2023-02-10,CNY,10.7524
2023-02-10,EUR,78.3223
2023-02-10,USD,72.8949
2023-02-11,CNY,10.6916
2023-02-11,EUR,78.0542
2023-02-11,USD,72.7923
2023-02-14,CNY,10.7717
2023-02-14,EUR,78.671
2023-02-14,USD,73.6307
2023-02-15,CNY,10.8227
2023-02-15,EUR,79.3355
2023-02-15,USD,73.8645
2023-02-16,CNY,10.8473
2023-02-16,EUR,79.5654
2023-02-16,USD,74.2077
2023-02-17,CNY,10.8855
2023-02-17,EUR,79.9764
2023-02-17,USD,74.7638
2023-02-18,CNY,10.8409
2023-02-18,EUR,79.6104
2023-02-18,USD,74.7588
2023-02-21,CNY,10.7797
2023-02-21,EUR,79.133
2023-02-21,USD,74.0432
2023-02-22,CNY,10.8562
2023-02-22,EUR,79.7588
2023-02-22,USD,74.8596
2023-02-23,CNY,10.8398
2023-02-23,EUR,79.5716
2023-02-23,USD,74.7087
2023-02-28,CNY,10.7928
2023-02-28,EUR,79.623
2023-02-28,USD,75.4323
2023-03-01,CNY,10.7467
2023-03-01,EUR,79.5134
2023-03-01,USD,74.8932
2023-03-02,CNY,10.9077
2023-03-02,EUR,80.1008
2023-03-02,USD,75.2513
2023-03-03,CNY,10.9089
2023-03-03,EUR,80.1897
2023-03-03,USD,75.4729
2023-03-04,CNY,10.9137
2023-03-04,EUR,80.0469
2023-03-04,USD,75.4592
2023-03-07,CNY,10.8754
2023-03-07,EUR,80.2353
2023-03-07,USD,75.4728
2023-03-08,CNY,10.8672
2023-03-08,EUR,80.5496
2023-03-08,USD,75.4577
2023-03-10,CNY,10.8623
2023-03-10,EUR,80.1372
2023-03-10,USD,75.9028
2023-03-11,CNY,10.8995
2023-03-11,EUR,80.4009
2023-03-11,USD,75.9406
2023-03-14,CNY,10.9313
2023-03-14,EUR,80.6102
2023-03-14,USD,75.4609
2023-03-15,CNY,10.9296
2023-03-15,EUR,80.5192
2023-03-15,USD,75.1927
2023-03-16,CNY,10.9704
2023-03-16,EUR,80.8763
2023-03-16,USD,75.7457
2023-03-17,CNY,11.0485
2023-03-17,EUR,81.1418
2023-03-17,USD,76.4095
2023-03-18,CNY,11.1226
2023-03-18,EUR,81.4635
2023-03-18,USD,76.6044
2023-03-21,CNY,11.2057
2023-03-21,EUR,82.3736
2023-03-21,USD,77.2422
2023-03-22,CNY,11.1652
2023-03-22,EUR,82.5428
2023-03-22,USD,76.8373
2023-03-23,CNY,11.1547
2023-03-23,EUR,82.967
2023-03-23,USD,76.9561
2023-03-24,CNY,11.1662
2023-03-24,EUR,83.1452
2023-03-24,USD,76.3072
2023-03-25,CNY,11.1146
2023-03-25,EUR,82.3923
2023-03-25,USD,76.4479
2023-03-28,CNY,11.1098
2023-03-28,EUR,82.2913
2023-03-28,USD,76.5662
2023-03-29,CNY,11.1127
2023-03-29,EUR,82.775
2023-03-29,USD,76.5939
2023-03-30,CNY,11.1622
2023-03-30,EUR,83.4859
2023-03-30,USD,76.9781
2023-03-31,CNY,11.1847
2023-03-31,EUR,83.7639
2023-03-31,USD,77.0863
2023-04-01,CNY,11.2411
2023-04-01,EUR,84.1116
2023-04-01,USD,77.3233
2023-04-04,CNY,11.3028
2023-04-04,EUR,84.6185
2023-04-04,USD,77.951
2023-04-05,CNY,11.5308
2023-04-05,EUR,86.7207
2023-04-05,USD,79.3563
2023-04-06,CNY,11.5445
2023-04-06,EUR,87.0954
2023-04-06,USD,79.4961
2023-04-07,CNY,11.7039
2023-04-07,EUR,88.1294
2023-04-07,USD,80.6713
2023-04-08,CNY,11.9582
2023-04-08,EUR,90.2892
2023-04-08,USD,82.3988
2023-04-11,CNY,11.8746
2023-04-11,EUR,89.1737
2023-04-11,USD,81.7441
2023-04-12,CNY,11.9248
2023-04-12,EUR,89.7271
2023-04-12,USD,82.1799
2023-04-13,CNY,11.9142
2023-04-13,EUR,89.7599
2023-04-13,USD,82.0934
2023-04-14,CNY,11.8566
2023-04-14,EUR,90.0035
2023-04-14,USD,81.6758
2023-04-15,CNY,11.8803
2023-04-15,EUR,90.1637
2023-04-15,USD,81.5045
2023-04-18,CNY,11.852
2023-04-18,EUR,89.659
2023-04-18,USD,81.6279
2023-04-19,CNY,11.8482
2023-04-19,EUR,89.5713
2023-04-19,USD,81.6028
2023-04-20,CNY,11.8178
2023-04-20,EUR,89.3736
2023-04-20,USD,81.6549
2023-04-21,CNY,11.847
2023-04-21,EUR,89.4638
2023-04-21,USD,81.6188
2023-04-22,CNY,11.8111
2023-04-22,EUR,89.3495
2023-04-22,USD,81.4863
2023-04-25,CNY,11.77
2023-04-25,EUR,89.4589
2023-04-25,USD,81.2745
2023-04-26,CNY,11.7664
2023-04-26,EUR,90.0332
2023-04-26,USD,81.5499
2023-04-27,CNY,11.7626
2023-04-27,EUR,90.1436
2023-04-27,USD,81.6274
2023-04-28,CNY,11.7609
2023-04-28,EUR,90.2023
2023-04-28,USD,81.5601
2023-04-29,CNY,11.5659
2023-04-29,EUR,88.3712
2023-04-29,USD,80.5093
2023-05-03,CNY,11.4884
2023-05-03,EUR,87.6556
2023-05-03,USD,79.9609
2023-05-04,CNY,11.4456
2023-05-04,EUR,87.575
2023-05-04,USD,79.3071
2023-05-05,CNY,11.3488
2023-05-05,EUR,86.9986
2023-05-05,USD,78.6139
2023-05-06,CNY,11.1158
2023-05-06,EUR,84.9073
2023-05-06,USD,76.8207
2023-05-11,CNY,11.039
2023-05-11,EUR,84.1498
2023-05-11,USD,76.6929
2023-05-12,CNY,10.9119
2023-05-12,EUR,82.8877
2023-05-12,USD,75.8846
2023-05-13,CNY,11.0844
2023-05-13,EUR,84.25
2023-05-13,USD,77.2041
2023-05-16,CNY,11.3467
2023-05-16,EUR,86.0862
2023-05-16,USD,79.1004
2023-05-17,CNY,11.464
2023-05-17,EUR,87.1619
2023-05-17,USD,79.9798
2023-05-18,CNY,11.5124
2023-05-18,EUR,87.5749
2023-05-18,USD,80.7642
2023-05-19,CNY,11.3554
2023-05-19,EUR,86.4964
2023-05-19,USD,80.0366
2023-05-20,CNY,11.366
2023-05-20,EUR,86.277
2023-05-20,USD,79.9093
2023-05-23,CNY,11.3499
2023-05-23,EUR,86.4963
2023-05-23,USD,79.9379
2023-05-24,CNY,11.3504
2023-05-24,EUR,86.5502
2023-05-24,USD,80.1665
2023-05-25,CNY,11.3243
2023-05-25,EUR,86.1995
2023-05-25,USD,79.9669
2023-05-26,CNY,11.2816
2023-05-26,EUR,85.8767
2023-05-26,USD,79.9841
2023-05-27,CNY,11.3044
2023-05-27,EUR,85.919
2023-05-27,USD,79.9667
2023-05-30,CNY,11.2901
2023-05-30,EUR,85.9013
2023-05-30,USD,80.0555
2023-05-31,CNY,11.3615
2023-05-31,EUR,86.5119
2023-05-31,USD,80.6872
2023-06-01,CNY,11.3697
2023-06-01,EUR,86.5009
2023-06-01,USD,80.9942
2023-06-02,CNY,11.3629
2023-06-02,EUR,86.5764
2023-06-02,USD,80.9657
2023-06-03,CNY,11.4139
2023-06-03,EUR,87.101
2023-06-03,USD,80.8756
2023-06-06,CNY,11.415
2023-06-06,EUR,87.0318
2023-06-06,USD,81.3294
2023-06-07,CNY,11.3892
2023-06-07,EUR,86.9519
2023-06-07,USD,81.2502
2023-06-08,CNY,11.4163
2023-06-08,EUR,87.1651
2023-06-08,USD,81.4581
2023-06-09,CNY,11.4896
2023-06-09,EUR,88.0379
2023-06-09,USD,82.093
2023-06-10,CNY,11.5716
2023-06-10,EUR,89.0057
2023-06-10,USD,82.6417
2023-06-14,CNY,11.6681
2023-06-14,EUR,90.3899
2023-06-14,USD,83.6405
2023-06-15,CNY,11.7626
2023-06-15,EUR,91.0668
2023-06-15,USD,84.3249
2023-06-16,CNY,11.7356
2023-06-16,EUR,90.9665
2023-06-16,USD,83.9611
2023-06-17,CNY,11.733
2023-06-17,EUR,91.6329
2023-06-17,USD,83.6498
2023-06-20,CNY,11.7153
2023-06-20,EUR,91.7966
2023-06-20,USD,83.9866
2023-06-21,CNY,11.7255
2023-06-21,EUR,92.0745
2023-06-21,USD,84.2336
2023-06-22,CNY,11.7059
2023-06-22,EUR,92.0014
2023-06-22,USD,84.2467
2023-06-23,CNY,11.6221
2023-06-23,EUR,91.943
2023-06-23,USD,83.6077
2023-06-24,CNY,11.6455
2023-06-24,EUR,91.4933
2023-06-24,USD,84.0793
2023-06-27,CNY,11.6875
2023-06-27,EUR,92.2969
2023-06-27,USD,84.6642
2023-06-28,CNY,11.768
2023-06-28,EUR,93.1373
2023-06-28,USD,85.0504
2023-06-29,CNY,11.7958
2023-06-29,EUR,93.8644
2023-06-29,USD,85.6192
2023-06-30,CNY,11.9894
2023-06-30,EUR,95.1052
2023-06-30,USD,87.0341
2023-07-01,CNY,12.1588
2023-07-01,EUR,96.0195
2023-07-01,USD,88.3844
2023-07-04,CNY,12.2923
2023-07-04,EUR,97.2582
2023-07-04,USD,89.3255
2023-07-05,CNY,12.3722
2023-07-05,EUR,97.7382
2023-07-05,USD,89.545
2023-07-06,CNY,12.4484
2023-07-06,EUR,98.4144
2023-07-06,USD,90.338
2023-07-07,CNY,12.7551
2023-07-07,EUR,100.7163
2023-07-07,USD,92.5695
2023-07-08,CNY,12.6377
2023-07-08,EUR,99.8189
2023-07-08,USD,91.6879
2023-07-11,CNY,12.6231
2023-07-11,EUR,100.4155
2023-07-11,USD,91.4931
2023-07-12,CNY,12.5491
2023-07-12,EUR,99.6775
2023-07-12,USD,90.5045
2023-07-13,CNY,12.5829
2023-07-13,EUR,99.889
2023-07-13,USD,90.6253
2023-07-14,CNY,12.581
2023-07-14,EUR,100.6788
2023-07-14,USD,90.1757
2023-07-15,CNY,12.6072
2023-07-15,EUR,101.1992
2023-07-15,USD,90.119
2023-07-18,CNY,12.5927
2023-07-18,EUR,101.6496
2023-07-18,USD,90.4217
2023-07-19,CNY,12.6351
2023-07-19,EUR,102.0271
2023-07-19,USD,90.6906
2023-07-20,CNY,12.6303
2023-07-20,EUR,102.4441
2023-07-20,USD,91.2046
2023-07-21,CNY,12.6455
2023-07-21,EUR,101.833
2023-07-21,USD,90.8545
2023-07-22,CNY,12.5784
2023-07-22,EUR,100.6562
2023-07-22,USD,90.3846
2023-07-25,CNY,12.5536
2023-07-25,EUR,100.3614
2023-07-25,USD,90.489
2023-07-26,CNY,12.5988
2023-07-26,EUR,99.6918
2023-07-26,USD,90.0945
2023-07-27,CNY,12.5766
2023-07-27,EUR,99.7156
2023-07-27,USD,90.0468
2023-07-28,CNY,12.5897
2023-07-28,EUR,100.2173
2023-07-28,USD,90.0225
2023-07-29,CNY,12.6891
2023-07-29,EUR,99.9586
2023-07-29,USD,90.9783
2023-08-01,CNY,12.7949
2023-08-01,EUR,100.9428
2023-08-01,USD,91.5923
2023-08-02,CNY,12.7855
2023-08-02,EUR,100.6988
2023-08-02,USD,91.7755
2023-08-03,CNY,12.9223
2023-08-03,EUR,101.9268
2023-08-03,USD,92.841
2023-08-04,CNY,13.0395
2023-08-04,EUR,102.531
2023-08-04,USD,93.7792
2023-08-05,CNY,13.1755
2023-08-05,EUR,103.8379
2023-08-05,USD,94.8076
2023-08-08,CNY,13.41
2023-08-08,EUR,106.0543
2023-08-08,USD,96.5668
2023-08-09,CNY,13.277
2023-08-09,EUR,105.4352
2023-08-09,USD,96.0755
2023-08-10,CNY,13.4741
2023-08-10,EUR,106.8897
2023-08-10,USD,97.3999
2023-08-11,CNY,13.459
2023-08-11,EUR,107.1563
2023-08-11,USD,97.2794
2023-08-12,CNY,13.5351
2023-08-12,EUR,107.9723
2023-08-12,USD,98.2066
2023-08-15,CNY,13.8741
2023-08-15,EUR,110.6847
2023-08-15,USD,101.0399
2023-08-16,CNY,13.3227
2023-08-16,EUR,106.5736
2023-08-16,USD,97.4217
2023-08-17,CNY,13.2065
2023-08-17,EUR,105.6591
2023-08-17,USD,96.7045
2023-08-18,CNY,12.7875
2023-08-18,EUR,102.181
2023-08-18,USD,93.746
2023-08-19,CNY,12.7545
2023-08-19,EUR,101.4802
2023-08-19,USD,93.4047
2023-08-22,CNY,12.862
2023-08-22,EUR,102.5719
2023-08-22,USD,94.1424
2023-08-23,CNY,12.8734
2023-08-23,EUR,102.753
2023-08-23,USD,94.1185
2023-08-24,CNY,12.9215
2023-08-24,EUR,102.2452
2023-08-24,USD,94.4421
2023-08-25,CNY,12.9407
2023-08-25,EUR,102.4719
2023-08-25,USD,94.4007
2023-08-26,CNY,12.972
2023-08-26,EUR,102.2586
2023-08-26,USD,94.7117
2023-08-29,CNY,13.055
2023-08-29,EUR,103.2434
2023-08-29,USD,95.4717
2023-08-30,CNY,13.1096
2023-08-30,EUR,103.4765
2023-08-30,USD,95.707
2023-08-31,CNY,13.1311
2023-08-31,EUR,104.4496
2023-08-31,USD,95.9283
2023-09-01,CNY,13.1943
2023-09-01,EUR,104.9407
2023-09-01,USD,96.3344
2023-09-02,CNY,13.2479
2023-09-02,EUR,104.6108
2023-09-02,USD,96.3411
2023-09-05,CNY,13.2861
2023-09-05,EUR,104.4171
2023-09-05,USD,96.6199
2023-09-06,CNY,13.3402
2023-09-06,EUR,104.9043
2023-09-06,USD,97.5383
2023-09-07,CNY,13.3749
2023-09-07,EUR,105.0789
2023-09-07,USD,97.8439
2023-09-08,CNY,13.3787
2023-09-08,EUR,105.2776
2023-09-08,USD,98.1961
2023-09-09,CNY,13.3135
2023-09-09,EUR,104.8872
2023-09-09,USD,97.9241
2023-09-12,CNY,13.1975
2023-09-12,EUR,103.5332
2023-09-12,USD,96.5083
2023-09-13,CNY,12.9522
2023-09-13,EUR,101.5646
2023-09-13,USD,94.7035
2023-09-14,CNY,13.1735
2023-09-14,EUR,103.1066
2023-09-14,USD,95.9794
2023-09-15,CNY,13.1931
2023-09-15,EUR,103.2289
2023-09-15,USD,96.1609
2023-09-16,CNY,13.2672
2023-09-16,EUR,103.0358
2023-09-16,USD,96.6338
2023-09-19,CNY,13.2387
2023-09-19,EUR,103.0945
2023-09-19,USD,96.6472
2023-09-20,CNY,13.1695
2023-09-20,EUR,102.9211
2023-09-20,USD,96.2236
2023-09-21,CNY,13.2097
2023-09-21,EUR,103.3699
2023-09-21,USD,96.6172
2023-09-22,CNY,13.1335
2023-09-22,EUR,102.3606
2023-09-22,USD,96.0762
2023-09-23,CNY,13.1414
2023-09-23,EUR,102.2485
2023-09-23,USD,96.0419
2023-09-26,CNY,13.1394
2023-09-26,EUR,102.2453
2023-09-26,USD,96.1456
2023-09-27,CNY,13.1504
2023-09-27,EUR,101.9888
2023-09-27,USD,96.2378
2023-09-28,CNY,13.1852
2023-09-28,EUR,101.978
2023-09-28,USD,96.5
2023-09-29,CNY,13.2753
2023-09-29,EUR,102.0979
2023-09-29,USD,97.0018
2023-09-30,CNY,13.3587
2023-09-30,EUR,103.1631
2023-09-30,USD,97.4147
2023-10-03,CNY,13.4955
2023-10-03,EUR,103.868
2023-10-03,USD,98.4785
2023-10-04,CNY,13.5556
2023-10-04,EUR,104.0621
2023-10-04,USD,99.2677
2023-10-05,CNY,13.5779
2023-10-05,EUR,104.3024
2023-10-05,USD,99.4555
2023-10-06,CNY,13.6183
2023-10-06,EUR,104.7877
2023-10-06,USD,99.6762
2023-10-07,CNY,13.7373
2023-10-07,EUR,106.01
2023-10-07,USD,100.4911
2023-10-10,CNY,13.8926
2023-10-10,EUR,107.0322
2023-10-10,USD,101.3598
2023-10-11,CNY,13.6821
2023-10-11,EUR,105.6864
2023-10-11,USD,99.9349
2023-10-12,CNY,13.6982
2023-10-12,EUR,105.9544
2023-10-12,USD,99.9808
2023-10-13,CNY,13.284
2023-10-13,EUR,103.035
2023-10-13,USD,96.9948
2023-10-14,CNY,13.3026
2023-10-14,EUR,102.5523
2023-10-14,USD,97.3075
2023-10-17,CNY,13.2893
2023-10-17,EUR,102.52
2023-10-17,USD,97.2865
2023-10-18,CNY,13.2855
2023-10-18,EUR,102.7527
2023-10-18,USD,97.3458
2023-10-19,CNY,13.2881
2023-10-19,EUR,102.9059
2023-10-19,USD,97.3724
2023-10-20,CNY,13.2533
2023-10-20,EUR,102.6255
2023-10-20,USD,97.3074
2023-10-21,CNY,13.0688
2023-10-21,EUR,101.4257
2023-10-21,USD,95.9053
2023-10-24,CNY,12.9219
2023-10-24,EUR,100.303
2023-10-24,USD,94.7081
2023-10-25,CNY,12.766
2023-10-25,EUR,99.5534
2023-10-25,USD,93.5224
2023-10-26,CNY,12.7084
2023-10-26,EUR,98.6543
2023-10-26,USD,93.1507
2023-10-27,CNY,12.7507
2023-10-27,EUR,98.7376
2023-10-27,USD,93.5616
2023-10-28,CNY,12.7122
2023-10-28,EUR,98.3504
2023-10-28,USD,93.2174
2023-10-31,CNY,12.7071
2023-10-31,EUR,98.6164
2023-10-31,USD,93.2435
2023-11-01,CNY,12.5339
2023-11-01,EUR,97.9345
2023-11-01,USD,92.0226
2023-11-02,CNY,12.7052
2023-11-02,EUR,98.4365
2023-11-02,USD,93.2801
2023-11-03,CNY,12.7042
2023-11-03,EUR,98.9995
2023-11-03,USD,93.173
2023-11-04,CNY,12.6911
2023-11-04,EUR,99.0111
2023-11-04,USD,93.0351
2023-11-08,CNY,12.6656
2023-11-08,EUR,98.7863
2023-11-08,USD,92.4151
2023-11-09,CNY,12.663
2023-11-09,EUR,98.4403
2023-11-09,USD,92.1973
2023-11-10,CNY,12.5998
2023-11-10,EUR,98.4076
2023-11-10,USD,91.9266
2023-11-11,CNY,12.5979
2023-11-11,EUR,98.3155
2023-11-11,USD,92.0535
2023-11-14,CNY,12.6122
2023-11-14,EUR,98.5314
2023-11-14,USD,92.1185
2023-11-15,CNY,12.4948
2023-11-15,EUR,97.7781
2023-11-15,USD,91.257
2023-11-16,CNY,12.3348
2023-11-16,EUR,97.1334
2023-11-16,USD,89.4565
2023-11-17,CNY,12.2479
2023-11-17,EUR,96.5921
2023-11-17,USD,88.9466
2023-11-18,CNY,12.3104
2023-11-18,EUR,96.7692
2023-11-18,USD,89.1237
2023-11-21,CNY,12.323
2023-11-21,EUR,96.6597
2023-11-21,USD,88.4954
2023-11-22,CNY,12.3009
2023-11-22,EUR,96.2561
2023-11-22,USD,87.8701
2023-11-23,CNY,12.3026
2023-11-23,EUR,96.1475
2023-11-23,USD,88.1648
2023-11-24,CNY,12.3225
2023-11-24,EUR,96.2273
2023-11-24,USD,88.1206
2023-11-25,CNY,12.3949
2023-11-25,EUR,96.9187
2023-11-25,USD,88.8133
2023-11-28,CNY,12.3842
2023-11-28,EUR,97.1594
2023-11-28,USD,88.7045
2023-11-29,CNY,12.3685
2023-11-29,EUR,97.0659
2023-11-29,USD,88.6102
2023-11-30,CNY,12.4527
2023-11-30,EUR,97.6503
2023-11-30,USD,88.8841
2023-12-01,CNY,12.3927
2023-12-01,EUR,96.8827
2023-12-01,USD,88.5819
2023-12-02,CNY,12.5479
2023-12-02,EUR,97.9126
2023-12-02,USD,89.7619
2023-12-05,CNY,12.6897
2023-12-05,EUR,98.5768
2023-12-05,USD,90.6728
2023-12-06,CNY,12.8073
2023-12-06,EUR,99.134
2023-12-06,USD,91.5823
2023-12-07,CNY,12.9511
2023-12-07,EUR,100.1353
2023-12-07,USD,92.7826
2023-12-08,CNY,12.922
2023-12-08,EUR,99.8131
2023-12-08,USD,92.5654
2023-12-09,CNY,12.7893
2023-12-09,EUR,98.8409
2023-12-09,USD,91.6402
2023-12-12,CNY,12.6503
2023-12-12,EUR,98.0769
2023-12-12,USD,90.9846
2023-12-13,CNY,12.5636
2023-12-13,EUR,97.403
2023-12-13,USD,90.2158
2023-12-14,CNY,12.4993
2023-12-14,EUR,96.95
2023-12-14,USD,89.8926
2023-12-15,CNY,12.5457
2023-12-15,EUR,97.7377
2023-12-15,USD,89.6741
2023-12-16,CNY,12.6091
2023-12-16,EUR,98.4186
2023-12-16,USD,89.6966
2023-12-19,CNY,12.6578
2023-12-19,EUR,98.7578
2023-12-19,USD,90.4162
2023-12-20,CNY,12.579
2023-12-20,EUR,98.5764
2023-12-20,USD,90.087
2023-12-21,CNY,12.6577
2023-12-21,EUR,99.048
2023-12-21,USD,90.4056
2023-12-22,CNY,12.8124
2023-12-22,EUR,100.5113
2023-12-22,USD,91.7062
2023-12-23,CNY,12.8598
2023-12-23,EUR,101.2863
2023-12-23,USD,91.9389
2023-12-26,CNY,12.8379
2023-12-26,EUR,101.5781
2023-12-26,USD,91.969
2023-12-27,CNY,12.7937
2023-12-27,EUR,101.1178
2023-12-27,USD,91.7069
2023-12-28,CNY,12.8011
2023-12-28,EUR,101.3451
2023-12-28,USD,91.7051
2023-12-29,CNY,12.6749
2023-12-29,EUR,100.5506
2023-12-29,USD,90.3041
2023-12-30,CNY,12.5762
2023-12-30,EUR,99.1919
2023-12-30,USD,89.6883
2024-01-10,CNY,12.5861
2024-01-10,EUR,98.9825
2024-01-10,USD,90.404
2024-01-11,CNY,12.4305
2024-01-11,EUR,97.8745
2024-01-11,USD,89.3939
2024-01-12,CNY,12.363
2024-01-12,EUR,97.5401
2024-01-12,USD,88.7818
2024-01-13,CNY,12.2428
2024-01-13,EUR,96.7517
2024-01-13,USD,88.1324
2024-01-16,CNY,12.152
2024-01-16,EUR,96.0682
2024-01-16,USD,87.6772
2024-01-17,CNY,12.1217
2024-01-17,EUR,95.6007
2024-01-17,USD,87.6457
2024-01-18,CNY,12.1935
2024-01-18,EUR,96.0531
2024-01-18,USD,88.354
2024-01-19,CNY,12.249
2024-01-19,EUR,96.5882
2024-01-19,USD,88.661
2024-01-20,CNY,12.2706
2024-01-20,EUR,96.3835
2024-01-20,USD,88.5896
2024-01-23,CNY,12.1803
2024-01-23,EUR,95.8854
2024-01-23,USD,87.9724
2024-01-24,CNY,12.2274
2024-01-24,EUR,95.8266
2024-01-24,USD,87.9199
2024-01-25,CNY,12.2887
2024-01-25,EUR,96.1657
2024-01-25,USD,88.2829
2024-01-26,CNY,12.327
2024-01-26,EUR,96.6365
2024-01-26,USD,88.6562
2024-01-27,CNY,12.4375
2024-01-27,EUR,97.0945
2024-01-27,USD,89.5159
2024-01-30,CNY,12.449
2024-01-30,EUR,96.9777
2024-01-30,USD,89.609
2024-01-31,CNY,12.4066
2024-01-31,EUR,96.7895
2024-01-31,USD,89.2887
2024-02-01,CNY,12.458
2024-02-01,EUR,97.1149
2024-02-01,USD,89.6678
2024-02-02,CNY,12.5357
2024-02-02,EUR,97.4009
2024-02-02,USD,90.2299
2024-02-03,CNY,12.6002
2024-02-03,EUR,98.6437
2024-02-03,USD,90.6626
2024-02-06,CNY,12.6335
2024-02-06,EUR,98.2279
2024-02-06,USD,91.2434
2024-02-07,CNY,12.5926
2024-02-07,EUR,97.444
2024-02-07,USD,90.6842
2024-02-08,CNY,12.6484
2024-02-08,EUR,98.0936
2024-02-08,USD,91.1514
2024-02-09,CNY,12.6352
2024-02-09,EUR,98.3543
2024-02-09,USD,91.2561
2024-02-10,CNY,12.5407
2024-02-10,EUR,97.9364
2024-02-10,USD,90.8901
2024-02-13,CNY,12.5526
2024-02-13,EUR,98.1512
2024-02-13,USD,91.0758
2024-02-14,CNY,12.5814
2024-02-14,EUR,98.1917
2024-02-14,USD,91.2057
2024-02-15,CNY,12.5833
2024-02-15,EUR,97.8133
2024-02-15,USD,91.4316
2024-02-16,CNY,12.6566
2024-02-16,EUR,98.4099
2024-02-16,USD,91.8237
2024-02-17,CNY,12.7418
2024-02-17,EUR,99.3523
2024-02-17,USD,92.5492
2024-02-20,CNY,12.7662
2024-02-20,EUR,99.4889
2024-02-20,USD,92.4102
2024-02-21,CNY,12.797
2024-02-21,EUR,99.5589
2024-02-21,USD,92.349
2024-02-22,CNY,12.8039
2024-02-22,EUR,99.8968
2024-02-22,USD,92.4387
2024-02-23,CNY,12.7951
2024-02-23,EUR,100.4425
2024-02-23,USD,92.7519
2024-02-27,CNY,12.7809
2024-02-27,EUR,100.1776
2024-02-27,USD,92.6321
2024-02-28,CNY,12.7357
2024-02-28,EUR,99.9214
2024-02-28,USD,92.0425
2024-02-29,CNY,12.7085
2024-02-29,EUR,99.45
2024-02-29,USD,91.8692
2024-03-01,CNY,12.5675
2024-03-01,EUR,98.5447
2024-03-01,USD,90.8423
2024-03-02,CNY,12.6316
2024-03-02,EUR,98.7225
2024-03-02,USD,91.3336
2024-03-05,CNY,12.6478
2024-03-05,EUR,99.1061
2024-03-05,USD,91.3534
2024-03-06,CNY,12.618
2024-03-06,EUR,98.9366
2024-03-06,USD,91.1604
2024-03-07,CNY,12.5061
2024-03-07,EUR,98.2017
2024-03-07,USD,90.3412
2024-03-08,CNY,12.5756
2024-03-08,EUR,98.8767
2024-03-08,USD,90.7493
2024-03-12,CNY,12.5938
2024-03-12,EUR,99.1317
2024-03-12,USD,90.6252
2024-03-13,CNY,12.644
2024-03-13,EUR,99.3561
2024-03-13,USD,90.8818
2024-03-14,CNY,12.7041
2024-03-14,EUR,100.1869
2024-03-14,USD,91.5449
2024-03-15,CNY,12.7151
2024-03-15,EUR,100.2625
2024-03-15,USD,91.6359
2024-03-16,CNY,12.7328
2024-03-16,EUR,99.9718
2024-03-16,USD,91.87
2024-03-19,CNY,12.7501
2024-03-19,EUR,100.2432
2024-03-19,USD,91.9829
2024-03-20,CNY,12.7729
2024-03-20,EUR,100.1047
2024-03-20,USD,92.2243
2024-03-21,CNY,12.8337
2024-03-21,EUR,100.6139
2024-03-21,USD,92.6861
2024-03-22,CNY,12.7519
2024-03-22,EUR,100.365
2024-03-22,USD,91.9499
2024-03-23,CNY,12.7445
2024-03-23,EUR,100.217
2024-03-23,USD,92.6118
2024-03-26,CNY,12.7893
2024-03-26,EUR,100.3651
2024-03-26,USD,92.7761
2024-03-27,CNY,12.7844
2024-03-27,EUR,100.4121
2024-03-27,USD,92.5745
2024-03-28,CNY,12.7477
2024-03-28,EUR,100.2704
2024-03-28,USD,92.5919
2024-03-29,CNY,12.6979
2024-03-29,EUR,99.7057
2024-03-29,USD,92.2628
2024-03-30,CNY,12.671
2024-03-30,EUR,99.5299
2024-03-30,USD,92.366
2024-04-02,CNY,12.6872
2024-04-02,EUR,99.5661
2024-04-02,USD,92.2914
2024-04-03,CNY,12.7211
2024-04-03,EUR,99.4116
2024-04-03,USD,92.5254
2024-04-04,CNY,12.7145
2024-04-04,EUR,99.4277
2024-04-04,USD,92.3892
2024-04-05,CNY,12.7143
2024-04-05,EUR,100.0668
2024-04-05,USD,92.3058
2024-04-06,CNY,12.7602
2024-04-06,EUR,100.1259
2024-04-06,USD,92.4155
2024-04-09,CNY,12.7696
2024-04-09,EUR,100.2236
2024-04-09,USD,92.581
2024-04-10,CNY,12.8004
2024-04-10,EUR,100.7473
2024-04-10,USD,92.7463
2024-04-11,CNY,12.873
2024-04-11,EUR,101.2333
2024-04-11,USD,93.2198
2024-04-12,CNY,12.9119
2024-04-12,EUR,100.6793
2024-04-12,USD,93.7196
2024-04-13,CNY,12.8685
2024-04-13,EUR,99.7264
2024-04-13,USD,93.4419
2024-04-16,CNY,12.8844
2024-04-16,EUR,99.7934
2024-04-16,USD,93.5891
2024-04-17,CNY,12.9331
2024-04-17,EUR,99.9341
2024-04-17,USD,94.0742
2024-04-18,CNY,13.0
2024-04-18,EUR,100.2787
2024-04-18,USD,94.3242
2024-04-19,CNY,12.976
2024-04-19,EUR,100.5316
2024-04-19,USD,94.0922
2024-04-20,CNY,12.8816
2024-04-20,EUR,99.5797
2024-04-20,USD,93.4409
2024-04-23,CNY,12.8484
2024-04-23,EUR,99.3648
2024-04-23,USD,93.2519
2024-04-24,CNY,12.8396
2024-04-24,EUR,99.5609
2024-04-24,USD,93.2918
2024-04-25,CNY,12.7183
2024-04-25,EUR,98.9118
2024-04-25,USD,92.5058
2024-04-26,CNY,12.6716
2024-04-26,EUR,98.7079
2024-04-26,USD,92.1314
2024-04-27,CNY,12.6347
2024-04-27,EUR,98.7187
2024-04-27,USD,92.0134
2024-04-28,CNY,12.5657
2024-04-28,EUR,98.027
2024-04-28,USD,91.7791
2024-05-03,CNY,12.6821
2024-05-03,EUR,98.6447
2024-05-03,USD,92.0538
2024-05-04,CNY,12.6972
2024-05-04,EUR,98.5602
2024-05-04,USD,91.6918
2024-05-07,CNY,12.6453
2024-05-07,EUR,98.473
2024-05-07,USD,91.3124
2024-05-08,CNY,12.5962
2024-05-08,EUR,98.3062
2024-05-08,USD,91.1231
2024-05-09,CNY,12.6243
2024-05-09,EUR,98.9461
2024-05-09,USD,91.8239
2024-05-14,CNY,12.623
2024-05-14,EUR,98.8486
2024-05-14,USD,91.633
2024-05-15,CNY,12.6025
2024-05-15,EUR,98.6682
2024-05-15,USD,91.3591
2024-05-16,CNY,12.6113
2024-05-16,EUR,98.8267
2024-05-16,USD,91.2573
2024-05-17,CNY,12.5832
2024-05-17,EUR,98.8978
2024-05-17,USD,90.9239
2024-05-18,CNY,12.5753
2024-05-18,EUR,98.7776
2024-05-18,USD,90.9873
2024-05-21,CNY,12.51
2024-05-21,EUR,98.5842
2024-05-21,USD,90.6537
2024-05-22,CNY,12.4613
2024-05-22,EUR,98.2971
2024-05-22,USD,90.4082
2024-05-23,CNY,12.4274
2024-05-23,EUR,97.8989
2024-05-23,USD,90.1887
2024-05-24,CNY,12.4266
2024-05-24,EUR,97.8788
2024-05-24,USD,90.2486
2024-05-25,CNY,12.33
2024-05-25,EUR,97.0954
2024-05-25,USD,89.7026
2024-05-28,CNY,12.1903
2024-05-28,EUR,96.3034
2024-05-28,USD,88.6852
2024-05-29,CNY,12.1628
2024-05-29,EUR,96.2383
2024-05-29,USD,88.4375
2024-05-30,CNY,12.2752
2024-05-30,EUR,96.891
2024-05-30,USD,89.2589
2024-05-31,CNY,12.365
2024-05-31,EUR,97.1347
2024-05-31,USD,89.7869
2024-06-01,CNY,12.4028
2024-06-01,EUR,97.7908
2024-06-01,USD,90.1915
2024-06-04,CNY,12.3011
2024-06-04,EUR,96.8721
2024-06-04,USD,89.3755
2024-06-05,CNY,12.2248
2024-06-05,EUR,96.563
2024-06-05,USD,88.7574
2024-06-06,CNY,12.2244
2024-06-06,EUR,96.4443
2024-06-06,USD,88.7436
2024-06-07,CNY,12.2251
2024-06-07,EUR,96.5698
2024-06-07,USD,88.7604
2024-06-08,CNY,12.229
2024-06-08,EUR,96.6916
2024-06-08,USD,88.7606
2024-06-11,CNY,12.2213
2024-06-11,EUR,95.6367
2024-06-11,USD,88.9944
2024-06-12,CNY,12.231
2024-06-12,EUR,95.7391
2024-06-12,USD,89.0214
2024-06-14,CNY,12.0408
2024-06-14,EUR,94.8324
2024-06-14,USD,88.208
2024-06-15,CNY,12.1629
2024-06-15,EUR,95.1514
2024-06-15,USD,89.0658
2024-06-18,CNY,12.1267
2024-06-18,EUR,95.3906
2024-06-18,USD,89.0499
2024-06-19,CNY,11.7964
2024-06-19,EUR,93.2994
2024-06-19,USD,87.0354
2024-06-20,CNY,11.1652
2024-06-20,EUR,89.0914
2024-06-20,USD,82.6282
2024-06-21,CNY,11.5185
2024-06-21,EUR,91.4543
2024-06-21,USD,85.4176
2024-06-22,CNY,12.0455
2024-06-22,EUR,94.2606
2024-06-22,USD,87.9595
2024-06-25,CNY,11.8582
2024-06-25,EUR,94.0759
2024-06-25,USD,87.373
2024-06-26,CNY,11.8105
2024-06-26,EUR,93.7347
2024-06-26,USD,87.277
2024-06-27,CNY,11.8748
2024-06-27,EUR,94.1131
2024-06-27,USD,87.8064
2024-06-28,CNY,11.4753
2024-06-28,EUR,90.9874
2024-06-28,USD,84.964
2024-06-29,CNY,11.5756
2024-06-29,EUR,92.4184
2024-06-29,USD,85.748
2024-07-02,CNY,11.8019
2024-07-02,EUR,93.9582
2024-07-02,USD,87.2972
2024-07-03,CNY,11.9017
2024-07-03,EUR,93.695
2024-07-03,USD,87.9921
2024-07-04,CNY,11.8936
2024-07-04,EUR,94.5829
2024-07-04,USD,87.9506
2024-07-05,CNY,11.9896
2024-07-05,EUR,94.9836
2024-07-05,USD,88.1205
2024-07-06,CNY,12.0058
2024-07-06,EUR,95.57
2024-07-06,USD,88.1348
2024-07-09,CNY,11.9804
2024-07-09,EUR,95.6624
2024-07-09,USD,88.1688
2024-07-10,CNY,11.9469
2024-07-10,EUR,95.3447
2024-07-10,USD,88.0031
2024-07-11,CNY,11.9596
2024-07-11,EUR,95.3206
2024-07-11,USD,87.8551
2024-07-12,CNY,11.9987
2024-07-12,EUR,95.6817
2024-07-12,USD,87.988
2024-07-13,CNY,11.9766
2024-07-13,EUR,95.7588
2024-07-13,USD,87.7427
2024-07-16,CNY,11.9791
2024-07-16,EUR,95.7849
2024-07-16,USD,87.8077
2024-07-17,CNY,12.0492
2024-07-17,EUR,96.2637
2024-07-17,USD,88.2824
2024-07-18,CNY,12.0537
2024-07-18,EUR,96.3046
2024-07-18,USD,88.0872
2024-07-19,CNY,12.0227
2024-07-19,EUR,96.1018
2024-07-19,USD,87.8754
2024-07-20,CNY,12.0335
2024-07-20,EUR,96.0371
2024-07-20,USD,88.0206
2024-07-23,CNY,11.974
2024-07-23,EUR,95.7591
2024-07-23,USD,87.7805
2024-07-24,CNY,11.9062
2024-07-24,EUR,95.4598
2024-07-24,USD,87.299
2024-07-25,CNY,11.8263
2024-07-25,EUR,94.3758
2024-07-25,USD,86.5502
2024-07-26,CNY,11.7408
2024-07-26,EUR,93.1711
2024-07-26,USD,85.41
2024-07-27,CNY,11.7296
2024-07-27,EUR,93.2641
2024-07-27,USD,85.565
2024-07-30,CNY,11.8567
2024-07-30,EUR,94.1381
2024-07-30,USD,86.5554
2024-07-31,CNY,11.8368
2024-07-31,EUR,93.2947
2024-07-31,USD,86.33
2024-08-01,CNY,11.8747
2024-08-01,EUR,93.5149
2024-08-01,USD,86.1091
2024-08-02,CNY,11.7918
2024-08-02,EUR,92.8499
2024-08-02,USD,85.7833
2024-08-03,CNY,11.8307
2024-08-03,EUR,92.8291
2024-08-03,USD,85.7024
2024-08-06,CNY,11.8289
2024-08-06,EUR,93.0409
2024-08-06,USD,84.9471
2024-08-07,CNY,11.789
2024-08-07,EUR,93.0265
2024-08-07,USD,85.1646
2024-08-08,CNY,11.8074
2024-08-08,EUR,93.8419
2024-08-08,USD,85.9543
2024-08-09,CNY,11.8664
2024-08-09,EUR,94.1333
2024-08-09,USD,86.5621
2024-08-10,CNY,11.8911
2024-08-10,EUR,95.1844
2024-08-10,USD,87.992
2024-08-13,CNY,11.8576
2024-08-13,EUR,96.6852
2024-08-13,USD,89.9475
2024-08-14,CNY,12.0233
2024-08-14,EUR,100.559
2024-08-14,USD,92.6592
2024-08-15,CNY,12.0672
2024-08-15,EUR,100.3139
2024-08-15,USD,90.0055
2024-08-16,CNY,11.9319
2024-08-16,EUR,98.3232
2024-08-16,USD,88.796
2024-08-17,CNY,12.0542
2024-08-17,EUR,97.839
2024-08-17,USD,88.9062
2024-08-20,CNY,12.1204
2024-08-20,EUR,98.9355
2024-08-20,USD,89.5428
2024-08-21,CNY,12.1161
2024-08-21,EUR,100.204
2024-08-21,USD,90.6944
2024-08-22,CNY,12.2114
2024-08-22,EUR,101.9508
2024-08-22,USD,91.6862
2024-08-23,CNY,11.9567
2024-08-23,EUR,101.6207
2024-08-23,USD,91.2881
2024-08-24,CNY,11.7747
2024-08-24,EUR,101.6125
2024-08-24,USD,91.6012
2024-08-27,CNY,11.6863
2024-08-27,EUR,102.4927
2024-08-27,USD,91.7745
2024-08-28,CNY,11.7513
2024-08-28,EUR,102.2911
2024-08-28,USD,91.4807
2024-08-29,CNY,11.8357
2024-08-29,EUR,102.0798
2024-08-29,USD,91.4449
2024-08-30,CNY,11.9057
2024-08-30,EUR,101.7714
2024-08-30,USD,91.4548
2024-08-31,CNY,12.0151
2024-08-31,EUR,100.7622
2024-08-31,USD,91.1868
2024-09-03,CNY,12.0532
2024-09-03,EUR,99.2613
2024-09-03,USD,90.0013
2024-09-04,CNY,12.1106
2024-09-04,EUR,97.8121
2024-09-04,USD,88.6118
2024-09-05,CNY,12.5086
2024-09-05,EUR,98.0725
2024-09-05,USD,88.9288
2024-09-06,CNY,12.5054
2024-09-06,EUR,99.1927
2024-09-06,USD,89.7044
2024-09-07,CNY,12.5387
2024-09-07,EUR,99.7156
2024-09-07,USD,89.8225
2024-09-10,CNY,12.6262
2024-09-10,EUR,99.9067
2024-09-10,USD,90.3853
2024-09-11,CNY,12.6952
2024-09-11,EUR,100.4995
2024-09-11,USD,91.1127
2024-09-12,CNY,12.7173
2024-09-12,EUR,100.7421
2024-09-12,USD,91.2653
2024-09-13,CNY,12.7362
2024-09-13,EUR,100.3907
2024-09-13,USD,91.1096
2024-09-14,CNY,12.7178
2024-09-14,EUR,100.7958
2024-09-14,USD,90.9345
2024-09-17,CNY,12.7762
2024-09-17,EUR,101.2789
2024-09-17,USD,91.1423
2024-09-18,CNY,12.9226
2024-09-18,EUR,101.5057
2024-09-18,USD,91.4292
2024-09-19,CNY,12.9451
2024-09-19,EUR,102.039
2024-09-19,USD,91.6712
2024-09-20,CNY,13.1028
2024-09-20,EUR,103.249
2024-09-20,USD,92.6962
2024-09-21,CNY,13.0425
2024-09-21,EUR,103.3773
2024-09-21,USD,92.5848
2024-09-24,CNY,13.1134
2024-09-24,EUR,103.2191
2024-09-24,USD,92.92
2024-09-25,CNY,13.216
2024-09-25,EUR,103.41
2024-09-25,USD,92.8622
2024-09-26,CNY,13.0939
2024-09-26,EUR,103.4758
2024-09-26,USD,92.388
2024-09-27,CNY,13.1451
2024-09-27,EUR,103.1931
2024-09-27,USD,92.4074
2024-09-28,CNY,13.2163
2024-09-28,EUR,103.4694
2024-09-28,USD,92.7126
2024-10-01,CNY,13.2425
2024-10-01,EUR,104.1735
2024-10-01,USD,93.2221
2024-10-02,CNY,13.1959
2024-10-02,EUR,103.6502
2024-10-02,USD,93.3581
2024-10-03,CNY,13.3914
2024-10-03,EUR,104.4481
2024-10-03,USD,94.5054
2024-10-04,CNY,13.4808
2024-10-04,EUR,104.8664
2024-10-04,USD,95.0262
2024-10-05,CNY,13.4127
2024-10-05,EUR,104.7424
2024-10-05,USD,94.87
2024-10-08,CNY,13.5537
2024-10-08,EUR,105.3069
2024-10-08,USD,96.0649
2024-10-09,CNY,13.581
2024-10-09,EUR,105.6891
2024-10-09,USD,96.1079
2024-10-10,CNY,13.6869
2024-10-10,EUR,106.4175
2024-10-10,USD,96.9483
2024-10-11,CNY,13.6922
2024-10-11,EUR,106.5074
2024-10-11,USD,97.2394
2024-10-12,CNY,13.4752
2024-10-12,EUR,105.1095
2024-10-12,USD,96.0686
2024-10-15,CNY,13.4987
2024-10-15,EUR,105.4854
2024-10-15,USD,96.1021
2024-10-16,CNY,13.5683
2024-10-16,EUR,105.6757
2024-10-16,USD,97.0121
2024-10-17,CNY,13.5917
2024-10-17,EUR,106.0844
2024-10-17,USD,97.2568
2024-10-18,CNY,13.5487
2024-10-18,EUR,105.756
2024-10-18,USD,97.149
2024-10-19,CNY,13.4631
2024-10-19,EUR,104.8565
2024-10-19,USD,96.4172
2024-10-22,CNY,13.4733
2024-10-22,EUR,104.4016
2024-10-22,USD,96.0924
2024-10-23,CNY,13.5463
2024-10-23,EUR,104.866
2024-10-23,USD,96.5918
2024-10-24,CNY,13.5192
2024-10-24,EUR,104.3815
2024-10-24,USD,96.6379
2024-10-25,CNY,13.5348
2024-10-25,EUR,104.5139
2024-10-25,USD,96.7402
2024-10-26,CNY,13.5007
2024-10-26,EUR,104.8094
2024-10-26,USD,96.6657
2024-10-29,CNY,13.6103
2024-10-29,EUR,105.2229
2024-10-29,USD,97.23
2024-10-30,CNY,13.5954
2024-10-30,EUR,105.4375
2024-10-30,USD,97.3261
2024-10-31,CNY,13.5876
2024-10-31,EUR,105.2211
2024-10-31,USD,97.053
2024-11-01,CNY,13.6068
2024-11-01,EUR,105.5231
2024-11-01,USD,97.0226
2024-11-02,CNY,13.6394
2024-11-02,EUR,105.8415
2024-11-02,USD,97.4402
2024-11-03,CNY,13.6731
2024-11-03,EUR,106.1426
2024-11-03,USD,97.5499
2024-11-06,CNY,13.7539
2024-11-06,EUR,106.8883
2024-11-06,USD,98.0562
2024-11-07,CNY,13.6395
2024-11-07,EUR,105.7086
2024-11-07,USD,98.2236
2024-11-08,CNY,13.624
2024-11-08,EUR,105.5679
2024-11-08,USD,98.0726
2024-11-09,CNY,13.594
2024-11-09,EUR,105.451
2024-11-09,USD,97.8335
2024-11-12,CNY,13.552
2024-11-12,EUR,104.8522
2024-11-12,USD,97.955
2024-11-13,CNY,13.4951
2024-11-13,EUR,104.2533
2024-11-13,USD,97.9559
2024-11-14,CNY,13.598
2024-11-14,EUR,104.2901
2024-11-14,USD,98.3657
2024-11-15,CNY,13.6596
2024-11-15,EUR,104.5016
2024-11-15,USD,99.018
2024-11-16,CNY,13.7992
2024-11-16,EUR,105.7072
2024-11-16,USD,99.9971
2024-11-19,CNY,13.7597
2024-11-19,EUR,105.4606
2024-11-19,USD,99.943
2024-11-20,CNY,13.7744
2024-11-20,EUR,105.7338
2024-11-20,USD,100.0348
2024-11-21,CNY,13.8224
2024-11-21,EUR,105.809
2024-11-21,USD,100.2192
2024-11-22,CNY,13.8821
2024-11-22,EUR,106.0762
2024-11-22,USD,100.6798
2024-11-23,CNY,13.9427
2024-11-23,EUR,107.4252
2024-11-23,USD,102.5761
2024-11-26,CNY,14.2057
2024-11-26,EUR,108.8705
2024-11-26,USD,103.7908
2024-11-27,CNY,14.4449
2024-11-27,EUR,110.4943
2024-11-27,USD,105.0604
2024-11-28,CNY,14.8382
2024-11-28,EUR,113.0947
2024-11-28,USD,108.0104
2024-11-29,CNY,14.6653
2024-11-29,EUR,116.141
2024-11-29,USD,109.5782
2024-11-30,CNY,14.7233
2024-11-30,EUR,114.3149
2024-11-30,USD,107.7409
2024-12-03,CNY,14.6258
2024-12-03,EUR,112.8019
2024-12-03,USD,107.1758
2024-12-04,CNY,14.5545
2024-12-04,EUR,112.02
2024-12-04,USD,106.1878
2024-12-05,CNY,14.2565
2024-12-05,EUR,110.2041
2024-12-05,USD,104.2361
2024-12-06,CNY,14.1399
2024-12-06,EUR,109.7802
2024-12-06,USD,103.3837
2024-12-07,CNY,13.597
2024-12-07,EUR,106.304
2024-12-07,USD,99.4215
2024-12-10,CNY,13.524
2024-12-10,EUR,105.0996
2024-12-10,USD,99.3759
2024-12-11,CNY,13.6566
2024-12-11,EUR,106.2024
2024-12-11,USD,100.0324
2024-12-12,CNY,13.8539
2024-12-12,EUR,108.5588
2024-12-12,USD,103.2707
2024-12-13,CNY,13.9594
2024-12-13,EUR,110.4804
2024-12-13,USD,103.95
2024-12-14,CNY,14.0096
2024-12-14,EUR,109.0126
2024-12-14,USD,103.4305
2024-12-17,CNY,13.8603
2024-12-17,EUR,108.7016
2024-12-17,USD,102.9125
2024-12-18,CNY,13.9613
2024-12-18,EUR,108.3444
2024-12-18,USD,102.9979
2024-12-19,CNY,14.0761
2024-12-19,EUR,108.5083
2024-12-19,USD,102.7763
2024-12-20,CNY,14.186
2024-12-20,EUR,107.9576
2024-12-20,USD,103.4207
2024-12-21,CNY,13.9897
2024-12-21,EUR,106.5444
2024-12-21,USD,102.3438
2024-12-24,CNY,13.8254
2024-12-24,EUR,105.2512
2024-12-24,USD,101.6143
2024-12-25,CNY,13.6624
2024-12-25,EUR,104.231
2024-12-25,USD,99.8729
2024-12-26,CNY,13.6054
2024-12-26,EUR,103.9416
2024-12-26,USD,99.6125
2024-12-27,CNY,13.4716
2024-12-27,EUR,103.2997
2024-12-27,USD,99.2295
2024-12-28,CNY,13.4434
2024-12-28,EUR,105.9522
2024-12-28,USD,100.5281
2024-12-29,CNY,13.4272
2024-12-29,EUR,106.1028
2024-12-29,USD,101.6797
2025-01-10,CNY,13.6934
2025-01-10,EUR,105.0893
2025-01-10,USD,102.2911
2025-01-11,CNY,13.6866
2025-01-11,EUR,105.0464
2025-01-11,USD,101.9146
2025-01-14,CNY,13.8184
2025-01-14,EUR,104.8556
2025-01-14,USD,102.7081
2025-01-15,CNY,13.9486
2025-01-15,EUR,106.2493
2025-01-15,USD,103.438
2025-01-16,CNY,13.9197
2025-01-16,EUR,106.0971
2025-01-16,USD,102.8078
2025-01-17,CNY,13.9143
2025-01-17,EUR,105.8072
2025-01-17,USD,102.3762
2025-01-18,CNY,13.9338
2025-01-18,EUR,104.8609
2025-01-18,USD,102.4137
2025-01-21,CNY,13.8302
2025-01-21,EUR,105.0457
2025-01-21,USD,101.9579
2025-01-22,CNY,13.737
2025-01-22,EUR,103.2856
2025-01-22,USD,99.9282
2025-01-23,CNY,13.5443
2025-01-23,EUR,103.2419
2025-01-23,USD,98.2804
2025-01-24,CNY,13.5786
2025-01-24,EUR,103.6612
2025-01-24,USD,99.0978
2025-01-25,CNY,13.5101
2025-01-25,EUR,103.187
2025-01-25,USD,98.2636
2025-01-28,CNY,13.3806
2025-01-28,EUR,102.746
2025-01-28,USD,97.132
2025-01-29,CNY,13.4568
2025-01-29,EUR,101.5957
2025-01-29,USD,97.9658
2025-01-30,CNY,13.3817
2025-01-30,EUR,102.4041
2025-01-30,USD,98.0126
2025-01-31,CNY,13.3729
2025-01-31,EUR,102.7782
2025-01-31,USD,98.0062
2025-02-01,CNY,13.2638
2025-02-01,EUR,102.1301
2025-02-01,USD,97.8107
2025-02-04,CNY,13.4095
2025-02-04,EUR,102.491
2025-02-04,USD,99.9433
2025-02-05,CNY,13.2985
2025-02-05,EUR,102.6852
2025-02-05,USD,98.5336
2025-02-06,CNY,13.249
2025-02-06,EUR,102.9215
2025-02-06,USD,98.0556
2025-02-07,CNY,13.0503
2025-02-07,EUR,100.6751
2025-02-07,USD,96.9104
2025-02-08,CNY,13.2365
2025-02-08,EUR,101.2243
2025-02-08,USD,97.2762
2025-02-11,CNY,13.2421
2025-02-11,EUR,100.4991
2025-02-11,USD,96.7821
2025-02-12,CNY,13.0258
2025-02-12,EUR,99.1953
2025-02-12,USD,95.8024
2025-02-13,CNY,12.7702
2025-02-13,EUR,98.0119
2025-02-13,USD,94.0485
2025-02-14,CNY,12.3356
2025-02-14,EUR,94.9221
2025-02-14,USD,91.0313
2025-02-15,CNY,12.3668
2025-02-15,EUR,94.8876
2025-02-15,USD,90.3099
2025-02-18,CNY,12.4935
2025-02-18,EUR,95.8048
2025-02-18,USD,91.4347
2025-02-19,CNY,12.4167
2025-02-19,EUR,95.6693
2025-02-19,USD,91.3398
2025-02-20,CNY,12.3608
2025-02-20,EUR,94.0834
2025-02-20,USD,90.4268
2025-02-21,CNY,12.1252
2025-02-21,EUR,92.4831
2025-02-21,USD,88.5103
2025-02-22,CNY,12.043
2025-02-22,EUR,92.0152
2025-02-22,USD,88.1676
2025-02-25,CNY,12.0634
2025-02-25,EUR,92.5162
2025-02-25,USD,88.2065
2025-02-26,CNY,11.8002
2025-02-26,EUR,90.9403
2025-02-26,USD,86.6318
2025-02-27,CNY,11.737
2025-02-27,EUR,90.1826
2025-02-27,USD,85.9279
2025-02-28,CNY,11.9563
2025-02-28,EUR,92.0362
2025-02-28,USD,87.6967
2025-03-01,CNY,12.0754
2025-03-01,EUR,91.5655
2025-03-01,USD,88.2568
2025-03-04,CNY,12.1658
2025-03-04,EUR,92.853
2025-03-04,USD,89.2497
2025-03-05,CNY,12.1906
2025-03-05,EUR,93.9034
2025-03-05,USD,89.2448
2025-03-06,CNY,12.289
2025-03-06,EUR,95.7035
2025-03-06,USD,89.7878
2025-03-07,CNY,12.2892
2025-03-07,EUR,96.5975
2025-03-07,USD,89.5724
2025-03-08,CNY,12.2387
2025-03-08,EUR,96.8609
2025-03-08,USD,89.1362
2025-03-11,CNY,12.0798
2025-03-11,EUR,95.4443
2025-03-11,USD,88.3872
2025-03-12,CNY,11.8458
2025-03-12,EUR,93.6639
2025-03-12,USD,86.5669
2025-03-13,CNY,11.9242
2025-03-13,EUR,93.971
2025-03-13,USD,86.6204
2025-03-14,CNY,11.873
2025-03-14,EUR,94.2559
2025-03-14,USD,86.619
2025-03-15,CNY,11.8167
2025-03-15,EUR,93.6087
2025-03-15,USD,85.5694
2025-03-18,CNY,11.6
2025-03-18,EUR,90.8443
2025-03-18,USD,84.3059
2025-03-19,CNY,11.2232
2025-03-19,EUR,87.5697
2025-03-19,USD,81.5018
2025-03-20,CNY,11.4337
2025-03-20,EUR,90.8257
2025-03-20,USD,82.8487
2025-03-21,CNY,11.6019
2025-03-21,EUR,92.4633
2025-03-21,USD,84.3955
2025-03-22,CNY,11.5779
2025-03-22,EUR,91.4262
2025-03-22,USD,84.64
2025-03-25,CNY,11.461
2025-03-25,EUR,91.5252
2025-03-25,USD,83.8737
2025-03-26,CNY,11.5572
2025-03-26,EUR,92.3409
2025-03-26,USD,84.193
2025-03-27,CNY,11.5225
2025-03-27,EUR,92.0029
2025-03-27,USD,84.2065
2025-03-28,CNY,11.497
2025-03-28,EUR,90.5441
2025-03-28,USD,83.8347
2025-03-29,CNY,11.4575
2025-03-29,EUR,89.6553
2025-03-29,USD,83.6813
2025-04-01,CNY,11.7136
2025-04-01,EUR,92.4276
2025-04-01,USD,85.4963
2025-04-02,CNY,11.6029
2025-04-02,EUR,91.9643
2025-04-02,USD,84.8707
2025-04-03,CNY,11.5258
2025-04-03,EUR,91.2044
2025-04-03,USD,84.5522
2025-04-04,CNY,11.4818
2025-04-04,EUR,93.1608
2025-04-04,USD,84.383
2025-04-05,CNY,11.6044
2025-04-05,EUR,92.9855
2025-04-05,USD,84.2774
2025-04-08,CNY,11.7286
2025-04-08,EUR,94.7742
2025-04-08,USD,86.1891
2025-04-09,CNY,11.5664
2025-04-09,EUR,93.7755
2025-04-09,USD,85.4641
2025-04-10,CNY,11.6352
2025-04-10,EUR,95.091
2025-04-10,USD,86.0923
2025-04-11,CNY,11.5336
2025-04-11,EUR,94.6036
2025-04-11,USD,85.0159
2025-04-12,CNY,11.4471
2025-04-12,EUR,96.2163
2025-04-12,USD,84.004
2025-04-15,CNY,11.2274
2025-04-15,EUR,94.1635
2025-04-15,USD,82.7671
2025-04-16,CNY,11.164
2025-04-16,EUR,93.6844
2025-04-16,USD,82.3003
2025-04-17,CNY,11.2812
2025-04-17,EUR,93.3356
2025-04-17,USD,82.5892
2025-04-18,CNY,11.1915
2025-04-18,EUR,93.2513
2025-04-18,USD,82.02
2025-04-19,CNY,11.0889
2025-04-19,EUR,92.2232
2025-04-19,USD,81.1371
2025-04-22,CNY,11.0648
2025-04-22,EUR,93.6714
2025-04-22,USD,80.7597
2025-04-23,CNY,11.1123
2025-04-23,EUR,94.04
2025-04-23,USD,81.462
2025-04-24,CNY,11.3388
2025-04-24,EUR,94.5723
2025-04-24,USD,82.3637
2025-04-25,CNY,11.3979
2025-04-25,EUR,94.7129
2025-04-25,USD,82.8559
2025-04-26,CNY,11.3506
2025-04-26,EUR,94.3593
2025-04-26,USD,82.6549
2025-04-29,CNY,11.2761
2025-04-29,EUR,93.1801
2025-04-29,USD,82.5467
2025-04-30,CNY,11.2016
2025-04-30,EUR,93.173
2025-04-30,USD,81.5616
2025-05-01,CNY,11.1713
2025-05-01,EUR,92.837
2025-05-01,USD,81.4933
2025-05-06,CNY,11.3025
2025-05-06,EUR,92.9082
2025-05-06,USD,81.9137
2025-05-07,CNY,11.2155
2025-05-07,EUR,91.9169
2025-05-07,USD,80.9644
2025-05-08,CNY,11.1819
2025-05-08,EUR,92.1439
2025-05-08,USD,80.8612
2025-05-13,CNY,11.1789
2025-05-13,EUR,90.1117
2025-05-13,USD,80.8883
2025-05-14,CNY,11.1573
2025-05-14,EUR,89.6956
2025-05-14,USD,80.55
2025-05-15,CNY,11.1128
2025-05-15,EUR,90.3821
2025-05-15,USD,80.2237
2025-05-16,CNY,11.1143
2025-05-16,EUR,90.1011
2025-05-16,USD,80.3134
2025-05-17,CNY,11.1593
2025-05-17,EUR,90.7062
2025-05-17,USD,80.7689
2025-05-20,CNY,11.1179
2025-05-20,EUR,90.5098
2025-05-20,USD,80.4137
2025-05-21,CNY,11.1625
2025-05-21,EUR,89.9679
2025-05-21,USD,80.3075
2025-05-22,CNY,11.0876
2025-05-22,EUR,91.299
2025-05-22,USD,79.753
2025-05-23,CNY,11.0101
2025-05-23,EUR,90.2004
2025-05-23,USD,79.7357
2025-05-24,CNY,11.0772
2025-05-24,EUR,90.5207
2025-05-24,USD,79.7108
2025-05-27,CNY,11.0802
2025-05-27,EUR,90.4644
2025-05-27,USD,79.6588
2025-05-28,CNY,11.1014
2025-05-28,EUR,90.9007
2025-05-28,USD,79.6176
2025-05-29,CNY,11.0504
2025-05-29,EUR,90.3365
2025-05-29,USD,79.6037
2025-05-30,CNY,10.894
2025-05-30,EUR,88.9481
2025-05-30,USD,78.497
2025-05-31,CNY,10.8897
2025-05-31,EUR,89.2512
2025-05-31,USD,78.6171
2025-06-03,CNY,10.9452
2025-06-03,EUR,90.377
2025-06-03,USD,79.1285
2025-06-04,CNY,10.9128
2025-06-04,EUR,89.9267
2025-06-04,USD,78.8549
2025-06-05,CNY,10.8685
2025-06-05,EUR,89.3108
2025-06-05,USD,78.5025
2025-06-06,CNY,11.0208
2025-06-06,EUR,90.6635
2025-06-06,USD,79.1272
2025-06-07,CNY,11.011
2025-06-07,EUR,90.3954
2025-06-07,USD,79.1703
2025-06-10,CNY,10.9784
2025-06-10,EUR,90.3666
2025-06-10,USD,79.1543
2025-06-11,CNY,10.9057
2025-06-11,EUR,89.7918
2025-06-11,USD,78.6003
2025-06-12,CNY,10.9317
2025-06-12,EUR,90.0068
2025-06-12,USD,79.0028
2025-06-17,CNY,10.8979
2025-06-17,EUR,90.9438
2025-06-17,USD,78.5067
2025-06-18,CNY,10.921
2025-06-18,EUR,90.7548
2025-06-18,USD,78.7135
2025-06-19,CNY,10.8728
2025-06-19,EUR,90.3093
2025-06-19,USD,78.7174
2025-06-20,CNY,10.8605
2025-06-20,EUR,89.838
2025-06-20,USD,78.4839
2025-06-21,CNY,10.9021
2025-06-21,EUR,90.1356
2025-06-21,USD,78.5016
2025-06-24,CNY,10.8691
2025-06-24,EUR,89.8388
2025-06-24,USD,78.2923
2025-06-25,CNY,10.9657
2025-06-25,EUR,91.737
2025-06-25,USD,78.3892
2025-06-26,CNY,10.9069
2025-06-26,EUR,91.0599
2025-06-26,USD,78.1959
2025-06-27,CNY,10.9343
2025-06-27,EUR,91.6601
2025-06-27,USD,78.2117
2025-06-28,CNY,10.9433
2025-06-28,EUR,92.2785
2025-06-28,USD,78.4685
2025-07-01,CNY,10.9298
2025-07-01,EUR,92.2672
2025-07-01,USD,78.5284
2025-07-02,CNY,10.9384
2025-07-02,EUR,92.744
2025-07-02,USD,78.4181
2025-07-03,CNY,10.9465
2025-07-03,EUR,92.6774
2025-07-03,USD,78.654
2025-07-04,CNY,10.9852
2025-07-04,EUR,93.1277
2025-07-04,USD,78.7831
2025-07-05,CNY,10.9947
2025-07-05,EUR,93.0103
2025-07-05,USD,78.8354
2025-07-08,CNY,10.9808
2025-07-08,EUR,92.4138
2025-07-08,USD,78.7185
2025-07-09,CNY,10.8597
2025-07-09,EUR,91.9667
2025-07-09,USD,78.1682
2025-07-10,CNY,10.8494
2025-07-10,EUR,91.4175
2025-07-10,USD,78.1727
2025-07-11,CNY,10.8185
2025-07-11,EUR,91.4992
2025-07-11,USD,77.9029
2025-07-12,CNY,10.8435
2025-07-12,EUR,91.1201
2025-07-12,USD,77.8855
2025-07-15,CNY,10.8932
2025-07-15,EUR,91.7738
2025-07-15,USD,78.3722
2025-07-16,CNY,10.8353
2025-07-16,EUR,91.1531
2025-07-16,USD,77.9584
2025-07-17,CNY,10.8414
2025-07-17,EUR,90.5635
2025-07-17,USD,77.9585
2025-07-18,CNY,10.8787
2025-07-18,EUR,90.9716
2025-07-18,USD,78.1856
2025-07-19,CNY,10.8959
2025-07-19,EUR,91.0821
2025-07-19,USD,78.3129
2025-07-22,CNY,10.891
2025-07-22,EUR,91.5138
2025-07-22,USD,78.3274
2025-07-23,CNY,10.8829
2025-07-23,EUR,91.7782
2025-07-23,USD,78.0882
2025-07-24,CNY,10.9593
2025-07-24,EUR,91.7897
2025-07-24,USD,78.4477
2025-07-25,CNY,11.0652
2025-07-25,EUR,93.3362
2025-07-25,USD,78.8623
2025-07-26,CNY,11.0659
2025-07-26,EUR,93.3508
2025-07-26,USD,79.5527
2025-07-29,CNY,11.1209
2025-07-29,EUR,93.206
2025-07-29,USD,79.5782
2025-07-30,CNY,11.427
2025-07-30,EUR,94.9976
2025-07-30,USD,82.2197
2025-07-31,CNY,11.3683
2025-07-31,EUR,94.9514
2025-07-31,USD,81.8347
2025-08-01,CNY,11.0928
2025-08-01,EUR,91.8751
2025-08-01,USD,80.3163
2025-08-02,CNY,11.0899
2025-08-02,EUR,91.7056
2025-08-02,USD,80.3289
2025-08-05,CNY,11.067
2025-08-05,EUR,92.3252
2025-08-05,USD,79.6736
2025-08-06,CNY,11.1036
2025-08-06,EUR,92.5094
2025-08-06,USD,80.049
2025-08-07,CNY,11.1165
2025-08-07,EUR,93.0072
2025-08-07,USD,80.1914
2025-08-08,CNY,11.017
2025-08-08,EUR,92.6636
2025-08-08,USD,79.3847
2025-08-09,CNY,11.0665
2025-08-09,EUR,92.88
2025-08-09,USD,79.7796
2025-08-12,CNY,11.0514
2025-08-12,EUR,92.9485
2025-08-12,USD,79.6677
2025-08-13,CNY,11.0609
2025-08-13,EUR,92.8583
2025-08-13,USD,79.8714
2025-08-14,CNY,11.0667
2025-08-14,EUR,93.3875
2025-08-14,USD,79.6032
2025-08-15,CNY,11.094
2025-08-15,EUR,93.0588
2025-08-15,USD,79.7653
2025-08-16,CNY,11.1072
2025-08-16,EUR,93.7094
2025-08-16,USD,80.0224
2025-08-19,CNY,11.1547
2025-08-19,EUR,94.0884
2025-08-19,USD,80.4256
2025-08-20,CNY,11.1702
2025-08-20,EUR,93.5604
2025-08-20,USD,80.3466
2025-08-21,CNY,11.1451
2025-08-21,EUR,93.4791
2025-08-21,USD,80.1045
2025-08-22,CNY,11.1562
2025-08-22,EUR,93.5049
2025-08-22,USD,80.2548
2025-08-23,CNY,11.1982
2025-08-23,EUR,93.6274
2025-08-23,USD,80.7498
2025-08-26,CNY,11.2615
2025-08-26,EUR,94.4622
2025-08-26,USD,80.6842
2025-08-27,CNY,11.1844
2025-08-27,EUR,93.3684
2025-08-27,USD,80.5268
2025-08-28,CNY,11.2009
2025-08-28,EUR,93.3428
2025-08-28,USD,80.4421
2025-08-29,CNY,11.2382
2025-08-29,EUR,93.4891
2025-08-29,USD,80.2918
2025-08-30,CNY,11.2713
2025-08-30,EUR,94.0479
2025-08-30,USD,80.3316
2025-09-02,CNY,11.2618
2025-09-02,EUR,94.3841
2025-09-02,USD,80.4261
2025-09-03,CNY,11.2557
2025-09-03,EUR,93.8373
2025-09-03,USD,80.5947
2025-09-04,CNY,11.2981
2025-09-04,EUR,94.2539
2025-09-04,USD,80.8488
2025-09-05,CNY,11.3536
2025-09-05,EUR,94.7754
2025-09-05,USD,81.2977
2025-09-06,CNY,11.3884
2025-09-06,EUR,95.4792
2025-09-06,USD,81.5556
2025-09-09,CNY,11.4746
2025-09-09,EUR,96.5691
2025-09-09,USD,82.3397
2025-09-10,CNY,11.6934
2025-09-10,EUR,98.0336
2025-09-10,USD,83.2425
2025-09-11,CNY,11.8961
2025-09-11,EUR,99.8246
2025-09-11,USD,84.9211
2025-09-12,CNY,11.9373
2025-09-12,EUR,99.7367
2025-09-12,USD,85.6647
2025-09-13,CNY,11.8263
2025-09-13,EUR,99.3304
2025-09-13,USD,84.3798
2025-09-16,CNY,11.5949
2025-09-16,EUR,97.4502
2025-09-16,USD,83.0718
2025-09-17,CNY,11.6052
2025-09-17,EUR,97.8903
2025-09-17,USD,82.8359
2025-09-18,CNY,11.6623
2025-09-18,EUR,98.2994
2025-09-18,USD,82.9987
2025-09-19,CNY,11.6661
2025-09-19,EUR,98.9773
2025-09-19,USD,83.1725
2025-09-20,CNY,11.706
2025-09-20,EUR,98.8845
2025-09-20,USD,83.5904
2025-09-23,CNY,11.7292
2025-09-23,EUR,98.9638
2025-09-23,USD,84.0186
2025-09-24,CNY,11.7014
2025-09-24,EUR,99.0363
2025-09-24,USD,83.3506
2025-09-25,CNY,11.7231
2025-09-25,EUR,98.6015
2025-09-25,USD,83.9914
2025-09-26,CNY,11.7064
2025-09-26,EUR,98.1542
2025-09-26,USD,83.6069
2025-09-27,CNY,11.6751
2025-09-27,EUR,97.6823
2025-09-27,USD,83.6118
2025-09-30,CNY,11.5978
2025-09-30,EUR,97.141
2025-09-30,USD,82.8676
2025-10-01,CNY,11.5548
2025-10-01,EUR,96.8644
2025-10-01,USD,82.6084
2025-10-02,CNY,11.392
2025-10-02,EUR,95.6382
2025-10-02,USD,81.4967
2025-10-03,CNY,11.3342
2025-10-03,EUR,95.3411
2025-10-03,USD,81.0085
2025-10-04,CNY,11.4165
2025-10-04,EUR,96.0525
2025-10-04,USD,81.8969
2025-10-07,CNY,11.5581
2025-10-07,EUR,96.8345
2025-10-07,USD,83.0
2025-10-08,CNY,11.3685
2025-10-08,EUR,95.6722
2025-10-08,USD,81.9349
2025-10-09,CNY,11.3476
2025-10-09,EUR,94.9351
2025-10-09,USD,81.5478
2025-10-10,CNY,11.3642
2025-10-10,EUR,94.703
2025-10-10,USD,81.4103
2025-10-11,CNY,11.3626
2025-10-11,EUR,94.0491
2025-10-11,USD,81.1898
2025-10-14,CNY,11.2816
2025-10-14,EUR,93.9181
2025-10-14,USD,80.8548
2025-10-15,CNY,11.119
2025-10-15,EUR,92.6816
2025-10-15,USD,79.9589
2025-10-16,CNY,11.0216
2025-10-16,EUR,91.7258
2025-10-16,USD,78.839
2025-10-17,CNY,11.0623
2025-10-17,EUR,92.0834
2025-10-17,USD,79.0839
2025-10-18,CNY,11.3435
2025-10-18,EUR,94.5835
2025-10-18,USD,80.9834
2025-10-21,CNY,11.354
2025-10-21,EUR,94.3845
2025-10-21,USD,81.3582
2025-10-22,CNY,11.3645
2025-10-22,EUR,94.6656
2025-10-22,USD,81.3475
2025-10-23,CNY,11.4541
2025-10-23,EUR,94.7543
2025-10-23,USD,81.6549
2025-10-24,CNY,11.3733
2025-10-24,EUR,94.3889
2025-10-24,USD,81.269
2025-10-25,CNY,11.3079
2025-10-25,EUR,94.082
2025-10-25,USD,80.9713
2025-10-28,CNY,11.0648
2025-10-28,EUR,92.0233
2025-10-28,USD,78.9848
2025-10-29,CNY,11.1921
2025-10-29,EUR,92.9395
2025-10-29,USD,79.8174
2025-10-30,CNY,11.1707
2025-10-30,EUR,92.2466
2025-10-30,USD,79.4715
2025-10-31,CNY,11.2952
2025-10-31,EUR,93.3894
2025-10-31,USD,80.5037
2025-11-01,CNY,11.3408
2025-11-01,EUR,93.3893
2025-11-01,USD,80.9756
2025-11-02,CNY,11.2449
2025-11-02,EUR,93.3848
2025-11-02,USD,80.8861
2025-11-06,CNY,11.3362
2025-11-06,EUR,93.5131
2025-11-06,USD,81.1885
2025-11-07,CNY,11.3674
2025-11-07,EUR,93.7641
2025-11-07,USD,81.3765
2025-11-08,CNY,11.3561
2025-11-08,EUR,93.8365
2025-11-08,USD,81.2257
2025-11-11,CNY,11.3506
2025-11-11,EUR,93.9287
2025-11-11,USD,81.0132
2025-11-12,CNY,11.413
2025-11-12,EUR,94.1954
2025-11-12,USD,81.3562
2025-11-13,CNY,11.3731
2025-11-13,EUR,94.1893
2025-11-13,USD,81.2852
2025-11-14,CNY,11.3214
2025-11-14,EUR,93.6953
2025-11-14,USD,80.601
2025-11-15,CNY,11.4021
2025-11-15,EUR,95.0987
2025-11-15,USD,81.1276
2025-11-18,CNY,11.4002
2025-11-18,EUR,94.4179
2025-11-18,USD,81.1302
2025-11-19,CNY,11.381
2025-11-19,EUR,93.9295
2025-11-19,USD,81.0547
2025-11-20,CNY,11.3434
2025-11-20,EUR,93.7804
2025-11-20,USD,80.9448
2025-11-21,CNY,11.2795
2025-11-21,EUR,92.6047
2025-11-21,USD,80.7321
2025-11-22,CNY,11.0576
2025-11-22,EUR,90.5625
2025-11-22,USD,79.0246
2025-11-25,CNY,11.0516
2025-11-25,EUR,91.3672
2025-11-25,USD,78.9202
2025-11-26,CNY,11.1052
2025-11-26,EUR,90.9698
2025-11-26,USD,78.9615
2025-11-27,CNY,11.079
2025-11-27,EUR,91.5047
2025-11-27,USD,78.5941
2025-11-28,CNY,11.025
2025-11-28,EUR,90.788
2025-11-28,USD,78.2503
2025-11-29,CNY,11.0211
2025-11-29,EUR,90.819
2025-11-29,USD,78.2284
2025-12-02,CNY,10.9581
2025-12-02,EUR,90.3438
2025-12-02,USD,77.7027
2025-12-03,CNY,10.9251
2025-12-03,EUR,89.8514
2025-12-03,USD,77.4631
2025-12-04,CNY,10.9762
2025-12-04,EUR,90.5903
2025-12-04,USD,77.9556
2025-12-05,CNY,10.8487
2025-12-05,EUR,89.9011
2025-12-05,USD,76.9708
2025-12-06,CNY,10.7328
2025-12-06,EUR,88.7028
2025-12-06,USD,76.0937
2025-12-09,CNY,10.8283
2025-12-09,EUR,89.7054
2025-12-09,USD,77.2733
2025-12-10,CNY,10.834
2025-12-10,EUR,89.4267
2025-12-10,USD,76.8084
2025-12-11,CNY,10.9644
2025-12-11,EUR,91.3806
2025-12-11,USD,77.8998
2025-12-12,CNY,11.1867
2025-12-12,EUR,92.9384
2025-12-12,USD,79.3398
2025-12-13,CNY,11.2726
2025-12-13,EUR,93.5626
2025-12-13,USD,79.7296
2025-12-16,CNY,11.2151
2025-12-16,EUR,93.2274
2025-12-16,USD,79.4495
2025-12-17,CNY,11.2567
2025-12-17,EUR,93.8054
2025-12-17,USD,79.4302
2025-12-18,CNY,11.3698
2025-12-18,EUR,94.1478
2025-12-18,USD,80.3807
2025-12-19,CNY,11.3328
2025-12-19,EUR,94.2524
2025-12-19,USD,80.0301
2025-12-20,CNY,11.4463
2025-12-20,EUR,94.512
2025-12-20,USD,80.722
2025-12-23,CNY,11.2308
2025-12-23,EUR,92.8621
2025-12-23,USD,79.3146
2025-12-24,CNY,11.1497
2025-12-24,EUR,92.8137
2025-12-24,USD,78.585
2025-12-25,CNY,11.1824
2025-12-25,EUR,92.4742
2025-12-25,USD,78.4368
2025-12-26,CNY,11.0773
2025-12-26,EUR,91.8902
2025-12-26,USD,77.8844
2025-12-27,CNY,11.0449
2025-12-27,EUR,91.2066
2025-12-27,USD,77.6923
2025-12-30,CNY,11.0501
2025-12-30,EUR,91.4775
2025-12-30,USD,77.4466
2025-12-31,CNY,11.1592
2025-12-31,EUR,92.0938
2025-12-31,USD,78.2267
2026-01-13,CNY,11.2856
2026-01-13,EUR,91.9668
2026-01-13,USD,78.7913
2026-01-14,CNY,11.2763
2026-01-14,EUR,92.3973
2026-01-14,USD,78.8527
2026-01-15,CNY,11.2419
2026-01-15,EUR,92.1964
2026-01-15,USD,78.5711
2026-01-16,CNY,11.2402
2026-01-16,EUR,91.8123
2026-01-16,USD,78.528
2026-01-17,CNY,11.151
2026-01-17,EUR,90.5366
2026-01-17,USD,77.8332
2026-01-20,CNY,11.1604
2026-01-20,EUR,90.1611
2026-01-20,USD,77.7586
2026-01-21,CNY,11.1691
2026-01-21,EUR,91.1954
2026-01-21,USD,77.8247
2026-01-22,CNY,11.111
2026-01-22,EUR,90.7211
2026-01-22,USD,77.5159
2026-01-23,CNY,10.8646
2026-01-23,EUR,88.7898
2026-01-23,USD,76.0382
2026-01-24,CNY,10.8724
2026-01-24,EUR,89.0589
2026-01-24,USD,75.9246
2026-01-27,CNY,10.9315
2026-01-27,EUR,90.2877
2026-01-27,USD,76.0101
2026-01-28,CNY,10.9751
2026-01-28,EUR,90.9329
2026-01-28,USD,76.5519
2026-01-29,CNY,10.943
2026-01-29,EUR,91.2988
2026-01-29,USD,76.2662
2026-01-30,CNY,10.9002
2026-01-30,EUR,90.9751
2026-01-30,USD,76.0251
2026-01-31,CNY,10.8689
2026-01-31,EUR,90.468
2026-01-31,USD,75.7327
2026-02-03,CNY,11.0538
2026-02-03,EUR,91.247
2026-02-03,USD,77.0223
2026-02-04,CNY,11.0638
2026-02-04,EUR,90.7178
2026-02-04,USD,76.9817
2026-02-05,CNY,11.0515
2026-02-05,EUR,91.1138
2026-02-05,USD,76.9102
2026-02-06,CNY,10.9931
2026-02-06,EUR,90.2881
2026-02-06,USD,76.5523
2026-02-07,CNY,11.1061
2026-02-07,EUR,91.0451
2026-02-07,USD,77.054
2026-02-10,CNY,11.1677
2026-02-10,EUR,92.0136
2026-02-10,USD,77.6502
2026-02-11,CNY,11.1533
2026-02-11,EUR,91.9429
2026-02-11,USD,77.2091
2026-02-12,CNY,11.1681
2026-02-12,EUR,92.475
2026-02-12,USD,77.4648
2026-02-13,CNY,11.1582
2026-02-13,EUR,91.7113
2026-02-13,USD,77.188
2026-02-14,CNY,11.1523
2026-02-14,EUR,91.5575
2026-02-14,USD,77.1944
2026-02-17,CNY,11.0859
2026-02-17,EUR,91.0368
2026-02-17,USD,76.6201
2026-02-18,CNY,11.0934
2026-02-18,EUR,90.8658
2026-02-18,USD,76.7389
2026-02-19,CNY,11.0137
2026-02-19,EUR,90.2683
2026-02-19,USD,76.1524
2026-02-20,CNY,11.0747
2026-02-20,EUR,90.1669
2026-02-20,USD,76.6405
2026-02-21,CNY,11.0929
2026-02-21,EUR,90.2833
2026-02-21,USD,76.7519
2026-02-25,CNY,11.1172
2026-02-25,EUR,90.5821
2026-02-25,USD,76.6342
2026-02-26,CNY,11.1187
2026-02-26,EUR,90.3211
2026-02-26,USD,76.4678
2026-02-27,CNY,11.2487
2026-02-27,EUR,91.0281
2026-02-27,USD,77.1218
2026-02-28,CNY,11.2394
2026-02-28,EUR,91.2965
2026-02-28,USD,77.2736
2026-03-03,CNY,11.196
2026-03-03,EUR,90.7307
2026-03-03,USD,77.1734
2026-03-04,CNY,11.221
2026-03-04,EUR,90.3098
2026-03-04,USD,77.6093
2026-03-05,CNY,11.2488
2026-03-05,EUR,90.7458
2026-03-05,USD,77.8009
2026-03-06,CNY,11.3486
2026-03-06,EUR,90.7926
2026-03-06,USD,78.19
2026-03-07,CNY,11.4368
2026-03-07,EUR,91.8391
2026-03-07,USD,79.15
2026-03-11,CNY,11.4413
2026-03-11,EUR,91.8979
2026-03-11,USD,78.7396
2026-03-12,CNY,11.5051
2026-03-12,EUR,91.9378
2026-03-12,USD,79.068
2026-03-13,CNY,11.5027
2026-03-13,EUR,91.3893
2026-03-13,USD,79.0671
2026-03-14,CNY,11.6504
2026-03-14,EUR,91.9847
2026-03-14,USD,80.2254
2026-03-17,CNY,11.7441
2026-03-17,EUR,92.6555
2026-03-17,USD,81.0517
2026-03-18,CNY,11.8865
2026-03-18,EUR,93.1557
2026-03-18,USD,81.9103
2026-03-19,CNY,12.1155
2026-03-19,EUR,94.6663
2026-03-19,USD,83.1259
2026-03-20,CNY,12.3824
2026-03-20,EUR,96.9155
2026-03-20,USD,84.8379
2026-03-21,CNY,12.2171
2026-03-21,EUR,97.2886
2026-03-21,USD,83.9982
2026-03-24,CNY,11.8709
2026-03-24,EUR,94.7264
2026-03-24,USD,81.8763
2026-03-25,CNY,11.7271
2026-03-25,EUR,93.9247
2026-03-25,USD,80.9604
2026-03-26,CNY,11.6947
2026-03-26,EUR,93.8097
2026-03-26,USD,80.7192
2026-03-27,CNY,11.9001
2026-03-27,EUR,95.0038
2026-03-27,USD,82.1314
2026-03-28,CNY,11.7301
2026-03-28,EUR,93.4247
2026-03-28,USD,81.1443
2026-03-31,CNY,11.7439
2026-03-31,EUR,93.4369
2026-03-31,USD,81.2955
2026-04-01,CNY,11.7804
2026-04-01,EUR,93.2739
2026-04-01,USD,81.2504
2026-04-02,CNY,11.707
2026-04-02,EUR,93.4443
2026-04-02,USD,80.6234
2026-04-03,CNY,11.6278
2026-04-03,EUR,92.7326
2026-04-03,USD,80.3332
2026-04-04,CNY,11.5743
2026-04-04,EUR,92.1915
2026-04-04,USD,79.7293
2026-04-07,CNY,11.4481
2026-04-07,EUR,91.0034
2026-04-07,USD,78.7277
2026-04-08,CNY,11.4713
2026-04-08,EUR,91.0279
2026-04-08,USD,78.7496
2026-04-09,CNY,11.4581
2026-04-09,EUR,91.5641
2026-04-09,USD,78.3043
2026-04-10,CNY,11.3685
2026-04-10,EUR,90.8813
2026-04-10,USD,77.8366
2026-04-11,CNY,11.2521
2026-04-11,EUR,90.012
2026-04-11,USD,76.9724
2026-04-14,CNY,11.1338
2026-04-14,EUR,89.1373
2026-04-14,USD,76.2489
2026-04-15,CNY,11.091
2026-04-15,EUR,89.2556
2026-04-15,USD,75.8532
2026-04-16,CNY,11.0334
2026-04-16,EUR,88.7303
2026-04-16,USD,75.2346
2026-04-17,CNY,11.17
2026-04-17,EUR,89.4113
2026-04-17,USD,76.0861
2026-04-18,CNY,11.1457
2026-04-18,EUR,89.6256
2026-04-18,USD,76.0535
2026-04-21,CNY,11.0418
2026-04-21,EUR,88.3769
2026-04-21,USD,75.237
2026-04-22,CNY,10.9451
2026-04-22,EUR,87.7659
2026-04-22,USD,74.5897
2026-04-23,CNY,10.9931
2026-04-23,EUR,87.9733
2026-04-23,USD,74.9995
2026-04-24,CNY,10.9441
2026-04-24,EUR,87.5261
2026-04-24,USD,74.8349
2026-04-25,CNY,11.027
2026-04-25,EUR,88.2826
2026-04-25,USD,75.5273
2026-04-28,CNY,10.9513
2026-04-28,EUR,87.8826
2026-04-28,USD,74.8081
2026-04-29,CNY,10.942
2026-04-29,EUR,87.5928
2026-04-29,USD,74.6947
2026-04-30,CNY,10.9535
2026-04-30,EUR,87.7771
2026-04-30,USD,74.8806
2026-05-01,CNY,10.9593
2026-05-01,EUR,88.6429
2026-05-01,USD,74.8014
2026-05-05,CNY,11.0343
2026-05-05,EUR,88.2651
2026-05-05,USD,75.4388
2026-05-06,CNY,11.0247
2026-05-06,EUR,88.3463
2026-05-06,USD,75.3448
2026-05-07,CNY,10.9949
2026-05-07,EUR,88.06
2026-05-07,USD,75.2246
2026-05-08,CNY,10.9709
2026-05-08,EUR,87.8897
2026-05-08,USD,74.6209
2026-05-09,CNY,10.9306
2026-05-09,EUR,88.549
2026-05-09,USD,74.2963
2026-05-13,CNY,10.8522
2026-05-13,EUR,87.3791
2026-05-13,USD,73.7878
2026-05-14,CNY,10.7933
2026-05-14,EUR,85.9017
2026-05-14,USD,73.342
2026-05-15,CNY,10.7855
2026-05-15,EUR,86.2899
2026-05-15,USD,73.1385
2026-05-16,CNY,10.7318
2026-05-16,EUR,85.183
2026-05-16,USD,73.1275
2026-05-19,CNY,10.6279
2026-05-19,EUR,84.0742
2026-05-19,USD,72.3497
2026-05-20,CNY,10.4545
2026-05-20,EUR,82.7871
2026-05-20,USD,71.2926
2026-05-21,CNY,10.4161
2026-05-21,EUR,81.9823
2026-05-21,USD,70.9509
2026-05-22,CNY,10.398
2026-05-22,EUR,83.2746
2026-05-22,USD,70.7902
2026-05-23,CNY,10.4823
2026-05-23,EUR,82.5445
2026-05-23,USD,71.209
2026-05-26,CNY,10.5317
2026-05-26,EUR,85.4493
2026-05-26,USD,71.546
2026-05-27,CNY,10.5505
2026-05-27,EUR,83.2975
2026-05-27,USD,71.668
2026-05-28,CNY,10.4557
2026-05-28,EUR,82.7224
2026-05-28,USD,70.9012
2026-05-29,CNY,10.4487
2026-05-29,EUR,83.6892
2026-05-29,USD,71.3715
2026-05-30,CNY,10.4865
2026-05-30,EUR,82.6369
2026-05-30,USD,71.0224
2026-06-02,CNY,10.5762
2026-06-02,EUR,86.2499
2026-06-02,USD,71.5532
2026-06-03,CNY,10.7312
2026-06-03,EUR,84.6096
2026-06-03,USD,72.5597
2026-06-04,CNY,10.8262
2026-06-04,EUR,85.1243
2026-06-04,USD,73.3436
2026-06-05,CNY,10.9536
2026-06-05,EUR,86.2712
2026-06-05,USD,74.2956
2026-06-06,CNY,10.853
2026-06-06,EUR,85.5582
2026-06-06,USD,73.4689
2026-06-09,CNY,10.7826
2026-06-09,EUR,85.2798
2026-06-09,USD,73.2644
2026-06-10,CNY,10.5831
2026-06-10,EUR,82.7785
2026-06-10,USD,71.7318
2026-06-11,CNY,10.5825
2026-06-11,EUR,83.0816
2026-06-11,USD,71.7892
2026-06-12,CNY,10.6064
2026-06-12,EUR,82.9743
2026-06-12,USD,71.9077
2026-06-16,CNY,10.7047
2026-06-16,EUR,83.8044
2026-06-16,USD,72.4513
2026-06-17,CNY,10.6624
2026-06-17,EUR,83.7315
2026-06-17,USD,72.1388
2026-06-18,CNY,10.7589
2026-06-18,EUR,84.3439
2026-06-18,USD,72.7479
2026-06-19,CNY,10.8284
2026-06-19,EUR,85.0305
2026-06-19,USD,73.3591
2026-06-20,CNY,10.806
2026-06-20,EUR,84.1684
2026-06-20,USD,73.439
2026-06-23,CNY,10.8847
2026-06-23,EUR,84.5863
2026-06-23,USD,73.765
2026-06-24,CNY,10.9947
2026-06-24,EUR,85.4847
2026-06-24,USD,74.62
2026-06-25,CNY,10.9713
2026-06-25,EUR,85.1823
2026-06-25,USD,74.7738
2026-06-26,CNY,11.044
2026-06-26,EUR,85.7697
2026-06-26,USD,75.6347
2026-06-27,CNY,11.3359
2026-06-27,EUR,87.4027
2026-06-27,USD,77.0611
2026-06-30,CNY,11.4624
2026-06-30,EUR,88.6472
2026-06-30,USD,77.7539
2026-07-01,CNY,11.4932
2026-07-01,EUR,89.2743
2026-07-01,USD,78.2696
2026-07-02,CNY,11.4842
2026-07-02,EUR,89.1754
2026-07-02,USD,78.2652
2026-07-03,CNY,11.4693
2026-07-03,EUR,88.7069
2026-07-03,USD,77.9293
2026-07-04,CNY,11.3803
2026-07-04,EUR,88.0304
2026-07-04,USD,77.2264
2026-07-07,CNY,11.4555
2026-07-07,EUR,89.2595
2026-07-07,USD,77.9695
2026-07-08,CNY,11.2068
2026-07-08,EUR,86.8976
2026-07-08,USD,76.1258
2026-07-09,CNY,11.2219
2026-07-09,EUR,87.3511
2026-07-09,USD,76.4026
2026-07-10,CNY,11.1616
2026-07-10,EUR,86.5906
2026-07-10,USD,75.93
