date,destination_region,oil_eur_per_day,gas_eur_per_day,coal_eur_per_day,total_eur_per_day
2022-03-01,China,137940805.24314502,18326837.4611612,11458091.040096773,167725733.744403
2022-03-01,EU,338160314.9467591,356398717.3989546,27148732.618650638,721707764.9643643
2022-03-01,India,15566763.654448517,0.0,5247448.1005483875,20814211.754996903
2022-03-01,Others,49633325.59113143,31069079.823265415,24144629.88503226,104847035.2994291
2022-03-01,South Korea,36219744.835469425,7260225.997215098,8442346.424580647,51922317.257265165
2022-03-01,Total,655543579.6571529,470726467.88405,80038037.53107001,1206308085.072273
2022-03-01,Türkiye,25404655.95670136,55473168.38861872,2896169.7517096777,83773994.09702976
2022-03-01,United Kingdom,13713004.097899644,2198438.814835012,700619.7104516131,16612062.623186268
2022-03-01,United States,38904965.33159833,0.0,0.0,38904965.33159833
2022-04-01,China,131616210.07115148,21680025.32371433,25163551.23523333,178459786.63009915
2022-04-01,EU,332281034.08947194,310108741.23269427,32205735.218611564,674595510.5407778
2022-04-01,India,38006828.67252774,1755471.4953599998,4787768.873966667,44550069.041854404
2022-04-01,Others,61152282.50011165,23492857.281821955,25224025.606700003,109869165.38863361
2022-04-01,South Korea,25819404.57173503,6206752.977626275,9840850.664600002,41867008.2139613
2022-04-01,Total,662135267.3343824,400591411.4845965,103894283.72861156,1166620962.5475905
2022-04-01,Türkiye,42767749.115432374,37347563.17337967,5527099.759133334,85642412.04794538
2022-04-01,United Kingdom,9829103.128467968,0.0,567096.5881333334,10396199.716601301
2022-04-01,United States,20662655.185484268,0.0,578155.7822333333,21240810.967717603
2022-05-01,China,171372328.46686026,19974439.897568956,25492523.292032253,216839291.65646148
2022-05-01,EU,307219624.0173133,272592462.41296655,29187390.829759765,608999477.2600396
2022-05-01,India,63123555.42789016,0.0,6202052.434903226,69325607.86279339
2022-05-01,Others,59240738.95521571,23402809.85854519,19153131.63887097,101796680.45263186
2022-05-01,South Korea,5165159.087190032,3773349.02129449,12192022.73025806,21130530.838742584
2022-05-01,Total,646137865.603262,345642452.592684,102104553.74124362,1093884871.9371896
2022-05-01,Türkiye,33903237.30681523,25899391.402308796,7762058.429870968,67564687.13899499
2022-05-01,United Kingdom,6113222.341977193,0.0,2040852.4818387097,8154074.823815903
2022-05-01,United States,0.0,0.0,74521.90370967743,74521.90370967743
2022-06-01,China,149109006.07514128,18060011.534333967,33277377.996799998,200446395.60627526
2022-06-01,EU,354097126.0476218,178281973.69988185,14820110.42318511,547199210.1706887
2022-06-01,India,81513153.677226,0.0,9842844.713166665,91355998.39039268
2022-06-01,Others,59025504.24020522,20770822.316493582,18437691.897933338,98234018.45463213
2022-06-01,South Korea,6486882.079423933,0.0,12648444.845366666,19135326.9247906
2022-06-01,Total,694421869.1653963,250577283.05539638,102430954.55958512,1047430106.7803779
2022-06-01,Türkiye,40445422.503069334,33464475.504686967,12625056.884933332,86534954.89268963
2022-06-01,United Kingdom,2308370.7783693,0.0,0.0,2308370.7783693
2022-06-01,United States,1436403.7643396,0.0,779427.7982000001,2215831.5625396
2022-07-01,China,143313993.44731867,17272080.41697014,45968411.590516135,206554485.45480496
2022-07-01,EU,327550464.2168697,169210095.54042503,19305503.987647805,516066063.74494255
2022-07-01,India,94025331.56580074,1623870.081083871,16927896.369774196,112577098.01665881
2022-07-01,Others,69743039.6731656,27281831.253907833,24380938.322677415,121405809.24975085
2022-07-01,South Korea,2257974.1183632584,1308092.2082673963,13151927.06848387,16717993.395114526
2022-07-01,Total,692673428.4277662,247476560.6758206,134851102.61906716,1075001091.7226539
2022-07-01,Türkiye,51686557.14808755,30780591.175166346,13923977.966451617,96391126.28970551
2022-07-01,United Kingdom,0.0,0.0,1192447.313516129,1192447.313516129
2022-07-01,United States,4096068.258160742,0.0,0.0,4096068.258160742
2022-08-01,China,172465909.63135812,36490615.263840176,38411774.7327742,247368299.62797248
2022-08-01,EU,255745202.64836898,201208750.85813338,2689228.5657976274,459643182.0723
2022-08-01,India,84038453.03623298,1835444.7277419355,16027195.979161289,101901093.7431362
2022-08-01,Others,92982337.87617019,22049082.333396826,18705103.917741936,133736524.12730895
2022-08-01,South Korea,7982706.413855033,1453527.92014397,18600265.59732258,28036499.931321584
2022-08-01,Total,671899590.4724988,310655682.9345907,109710224.1428299,1092265497.5499194
2022-08-01,Türkiye,58684980.866513476,47618261.83133444,15276655.350032259,121579898.04788017
2022-08-01,United Kingdom,0.0,0.0,0.0,0.0
2022-08-01,United States,0.0,0.0,0.0,0.0
2022-09-01,China,160825324.2733167,49069877.383027285,42563758.74436666,252458960.40071064
2022-09-01,EU,236666370.9998611,158464113.30782115,0.0,395130484.3076823
2022-09-01,India,80208230.7852291,0.0,17674077.707033332,97882308.49226244
2022-09-01,Others,85456212.13512565,25219253.830061074,18310363.604733333,128985829.56992006
2022-09-01,South Korea,4546772.6597142005,0.0,14978720.901666667,19525493.561380867
2022-09-01,Total,617350478.4730189,269770281.4822871,112045618.48326667,999166378.4385726
2022-09-01,Türkiye,46842601.92534476,37017036.961377606,18518697.52546667,102378336.41218904
2022-09-01,United Kingdom,1126658.2858816,0.0,0.0,1126658.2858816
2022-09-01,United States,1678307.4085457,0.0,0.0,1678307.4085457
2022-10-01,China,163728011.198349,41023913.776314236,38379472.77629032,243131397.75095356
2022-10-01,EU,216676003.7052702,125352185.91255698,0.0,342028189.6178272
2022-10-01,India,84951291.6381345,2672869.584567742,12810453.612290323,100434614.83499256
2022-10-01,Others,74101651.8057057,25554196.607962348,20215180.104290325,119871028.51795837
2022-10-01,South Korea,8142844.075100129,3123491.9906872003,16138547.603064517,27404883.668851845
2022-10-01,Total,605832180.8768729,215839811.6264804,108213346.15609679,929885338.65945
2022-10-01,Türkiye,54555988.01071161,18113153.754391905,20669692.060161296,93338833.82526481
2022-10-01,United Kingdom,996666.5026560001,0.0,0.0,996666.5026560001
2022-10-01,United States,2679723.9409457417,0.0,0.0,2679723.9409457417
2022-11-01,China,172142064.26523915,37668691.919184454,38082269.83276666,247893026.01719028
2022-11-01,EU,220962727.11049873,105669462.90257831,0.0,326632190.013077
2022-11-01,India,86910626.96834232,0.0,17081774.769633334,103992401.73797566
2022-11-01,Others,71006464.44614407,18640085.583079524,15657815.973933334,105304366.00315693
2022-11-01,South Korea,5323824.334379466,4432959.5335529605,20013800.948533338,29770584.816465765
2022-11-01,Total,619005505.6945803,181646786.19419286,104306878.64286667,904959170.5316398
2022-11-01,Türkiye,59006572.56043813,15235586.255797599,13471217.117999997,87713375.93423572
2022-11-01,United Kingdom,2167750.2884352,0.0,0.0,2167750.2884352
2022-11-01,United States,1485475.7211032,0.0,0.0,1485475.7211032
2022-12-01,China,124592967.67048995,28163005.144428488,37111849.76793548,189867822.5828539
2022-12-01,EU,175666761.1052259,118638448.97870034,0.0,294305210.0839262
2022-12-01,India,89756706.14887768,0.0,8942985.661,98699691.80987768
2022-12-01,Others,73629129.9510104,30841199.119937785,15164339.656290324,119634668.72723852
2022-12-01,South Korea,6900521.6981985485,5249237.20253845,19142729.183774196,31292488.084511194
2022-12-01,Total,517310207.2913166,216393686.20450392,93369429.19948386,827073322.6953044
2022-12-01,Türkiye,45635531.123266906,33501795.758898854,12989215.983129032,92126542.86529478
2022-12-01,United Kingdom,0.0,0.0,0.0,0.0
2022-12-01,United States,1128589.594247226,0.0,18308.94735483871,1146898.5416020646
2023-01-01,China,137643544.96953017,23385947.14020162,37125345.59170967,198154837.70144147
2023-01-01,EU,126828857.89008944,72880382.6302577,0.0,199709240.52034712
2023-01-01,India,87305201.27382188,0.0,9328484.779193548,96633686.05301543
2023-01-01,Others,72686938.79388762,23928229.494574483,15757733.58245161,112372901.87091371
2023-01-01,South Korea,3138935.531277451,3144235.2780220797,16757939.570258064,23041110.379557595
2023-01-01,Total,462183794.527662,158944826.12458268,93146936.6787742,714275557.3310188
2023-01-01,Türkiye,33536369.570883516,35606031.58152679,14177433.155161293,83319834.3075716
2023-01-01,United Kingdom,0.0,0.0,0.0,0.0
2023-01-01,United States,1043946.498171871,0.0,0.0,1043946.498171871
2023-02-01,China,150483056.11832768,33203765.62949401,34341458.17582143,218028279.9236431
2023-02-01,EU,44581875.504832126,59115798.53936639,0.0,103697674.04419851
2023-02-01,India,101503161.77071027,0.0,11790146.637857143,113293308.40856741
2023-02-01,Others,84061441.6246886,19723942.497852143,15244521.016714284,119029905.13925502
2023-02-01,South Korea,2414125.682249357,2817562.109957532,17854558.55725,23086246.34945689
2023-02-01,Total,428680695.89672995,148420827.23791113,88720188.56342858,665821711.6980697
2023-02-01,Türkiye,45637035.19592189,33559758.461241044,9489504.175785715,88686297.83294865
2023-02-01,United Kingdom,0.0,0.0,0.0,0.0
2023-02-01,United States,0.0,0.0,0.0,0.0
2023-03-01,China,158973401.2914477,28134887.321613915,30688363.113000005,217796651.7260616
2023-03-01,EU,19664610.099912275,49820940.72162828,0.0,69485550.82154055
2023-03-01,India,103521204.1654272,0.0,13261752.284741936,116782956.45016913
2023-03-01,Others,120189815.64212237,13805878.179736603,14250288.853935482,148245982.67579445
2023-03-01,South Korea,1090121.812155871,5370377.373785802,9313216.856935484,15773716.042877158
2023-03-01,Total,451164395.3386455,114368814.02088137,73931064.97896774,639464274.3384947
2023-03-01,Türkiye,47725242.32758009,17236730.424116783,6417443.870354838,71379416.6220517
2023-03-01,United Kingdom,0.0,0.0,0.0,0.0
2023-03-01,United States,0.0,0.0,0.0,0.0
2023-04-01,China,128937061.95060492,23408883.76000064,26811954.456966665,179157900.16757223
2023-04-01,EU,20622185.964450285,48748583.02063147,0.0,69370768.98508176
2023-04-01,India,97281286.17568919,0.0,13820723.631566666,111102009.80725586
2023-04-01,Others,157478949.81657413,14390828.570274634,11157140.508300003,183026918.89514875
2023-04-01,South Korea,2949965.6605356666,2991210.661179481,9191584.922600001,15132761.24431515
2023-04-01,Total,458835717.0984707,110045532.66679662,69120400.0199,638001649.7851673
2023-04-01,Türkiye,50288913.53107141,20506026.654710397,8138996.500466668,78933936.68624848
2023-04-01,United Kingdom,0.0,0.0,0.0,0.0
2023-04-01,United States,1277353.999545,0.0,0.0,1277353.999545
2023-05-01,China,166055727.11326995,25919018.449833997,31039607.070451614,223014352.63355556
2023-05-01,EU,21518170.984364506,46443955.99460345,0.0,67962126.97896795
2023-05-01,India,125904345.78742714,1221969.2236258066,13135516.97887097,140261831.98992392
2023-05-01,Others,136060251.5718334,13074375.179855075,8410785.956935482,157545412.70862395
2023-05-01,South Korea,4784045.494954806,0.0,9644673.664129032,14428719.159083838
2023-05-01,Total,513604700.8253969,97881515.6174199,69255069.19512904,680741285.6379459
2023-05-01,Türkiye,58571275.672443084,11222196.76950156,7024485.524741935,76817957.96668658
2023-05-01,United Kingdom,0.0,0.0,0.0,0.0
2023-05-01,United States,710884.201104,0.0,0.0,710884.201104
2023-06-01,China,186550259.64630815,28434589.359085616,27274983.235833332,242259832.2412271
2023-06-01,EU,27521244.72140468,34749004.6993027,0.0,62270249.42070738
2023-06-01,India,119797108.30074307,0.0,13493723.579699999,133290831.88044307
2023-06-01,Others,147974794.90574414,11352157.54051796,10566070.737399999,169893023.1836621
2023-06-01,South Korea,3526890.908052967,1837607.7465113208,11958479.273433331,17322977.92799762
2023-06-01,Total,548571888.8508275,83671763.09504306,69940187.41986665,702183839.3657372
2023-06-01,Türkiye,62412719.616142966,7298403.749625466,6646930.5934999995,76358053.95926844
2023-06-01,United Kingdom,0.0,0.0,0.0,0.0
2023-06-01,United States,788870.7524315,0.0,0.0,788870.7524315
2023-07-01,China,136041232.24400795,22882986.295962483,27628560.55883871,186552779.09880912
2023-07-01,EU,20169980.87739246,39131627.474110514,0.0,59301608.35150297
2023-07-01,India,116523933.68004042,2155241.9219845165,6490654.63867742,125169830.24070236
2023-07-01,Others,113316640.27686824,9697848.52129024,10709146.077677421,133723634.8758359
2023-07-01,South Korea,698838.3715649032,882214.31150952,9506219.660645163,11087272.343719587
2023-07-01,Total,446538699.5541929,91961046.93243794,61675655.02041936,600175401.5070502
2023-07-01,Türkiye,59788074.104318894,17211128.407580663,7341074.084580644,84340276.5964802
2023-07-01,United Kingdom,0.0,0.0,0.0,0.0
2023-07-01,United States,0.0,0.0,0.0,0.0
2023-08-01,China,183933399.0070146,30805134.135706082,24329450.493354835,239067983.63607553
2023-08-01,EU,30626958.206474375,38193853.78499848,0.0,68820811.99147286
2023-08-01,India,100184358.02288622,0.0,7064301.074290322,107248659.09717654
2023-08-01,Others,112951571.13300343,10433284.063615132,9425600.23416129,132810455.43077984
2023-08-01,South Korea,1406030.1777365485,0.0,6813961.794838709,8219991.9725752575
2023-08-01,Total,486629481.469246,105078064.85830879,54896872.09280644,646604418.4203612
2023-08-01,Türkiye,57063634.50119133,25645792.873989105,7263558.49616129,89972985.87134174
2023-08-01,United Kingdom,0.0,0.0,0.0,0.0
2023-08-01,United States,463530.4209394839,0.0,0.0,463530.4209394839
2023-09-01,China,177062764.84889236,30017169.163441278,22867733.074633323,229947667.08696696
2023-09-01,EU,38433269.932115994,42140661.40346992,0.0,80573931.33558592
2023-09-01,India,124602655.95825198,1192223.88824,8217165.916433333,134012045.76292531
2023-09-01,Others,126497132.11187777,13146714.400085568,11014264.789633334,150658111.30159667
2023-09-01,South Korea,3098104.2195858,2046284.9932794648,5663590.795833334,10807980.0086986
2023-09-01,Total,534620158.2431625,112540534.66695102,55497869.98099999,702658562.8911135
2023-09-01,Türkiye,64926231.17243859,23997480.818434794,7735115.404466665,96658827.39534006
2023-09-01,United Kingdom,0.0,0.0,0.0,0.0
2023-09-01,United States,0.0,0.0,0.0,0.0
2023-10-01,China,175508258.31328073,23771385.49948526,20783207.42712903,220062851.23989502
2023-10-01,EU,22932510.892182652,47136106.728387356,0.0,70068617.62057
2023-10-01,India,124117083.17331168,1212364.280103226,7224410.713870968,132553858.16728587
2023-10-01,Others,106014021.57142527,16129675.566268021,10870657.894322583,133014355.03201587
2023-10-01,South Korea,3974053.0608652257,2128451.12601726,7348824.454451613,13451328.641334098
2023-10-01,Total,489298374.1309551,116083155.82480305,53346817.20545161,658728347.1612098
2023-10-01,Türkiye,56752447.11988955,25705172.624541942,7119716.715677419,89577336.4601089
2023-10-01,United Kingdom,0.0,0.0,0.0,0.0
2023-10-01,United States,0.0,0.0,0.0,0.0
2023-11-01,China,187696865.5339016,28135049.526444476,18550804.40136667,234382719.46171275
2023-11-01,EU,25947745.21857306,60114682.32861053,0.0,86062427.54718359
2023-11-01,India,126911127.64007674,1110437.6506666667,7961659.682066666,135983224.97281006
2023-11-01,Others,111698259.3300986,21373640.281145442,10715544.1031,143787443.71434405
2023-11-01,South Korea,2186683.0850425004,4790955.37014442,4394098.804233333,11371737.259420253
2023-11-01,Total,515875143.4642288,147088059.49902228,51567545.177433334,714530748.1406844
2023-11-01,Türkiye,61434462.65653629,31563294.342010736,9945438.186666666,102943195.18521369
2023-11-01,United Kingdom,0.0,0.0,0.0,0.0
2023-11-01,United States,0.0,0.0,0.0,0.0
2023-12-01,China,181308680.98538673,21494042.386088185,17347355.132612906,220150078.5040878
2023-12-01,EU,26135532.57850981,63114705.02826812,0.0,89250237.60677794
2023-12-01,India,103320770.00478885,0.0,6785557.682129033,110106327.68691787
2023-12-01,Others,119625895.61882955,22254766.03897666,7087991.073967742,148968652.73177394
2023-12-01,South Korea,1123290.8617108066,3502046.7115261094,5737316.551838709,10362654.125075625
2023-12-01,Total,504100011.65977293,135896495.31849593,44970706.45696774,684967213.4352366
2023-12-01,Türkiye,72585841.61054723,25530935.15363688,8012486.016419355,106129262.78060347
2023-12-01,United Kingdom,0.0,0.0,0.0,0.0
2023-12-01,United States,0.0,0.0,0.0,0.0
2024-01-01,China,159480766.44719785,27174092.163907923,12659583.982645163,199314442.59375095
2024-01-01,EU,20666731.093166865,49825897.70234225,0.0,70492628.79550911
2024-01-01,India,94088646.83812097,0.0,8323967.663290323,102412614.50141129
2024-01-01,Others,110803892.71915594,19632257.69634156,10527924.227548385,140964074.64304587
2024-01-01,South Korea,7768516.277618161,3923791.0020290827,4044432.364548387,15736739.644195631
2024-01-01,Total,451521840.17059,131596904.48098576,41397420.60632258,624516165.2578983
2024-01-01,Türkiye,58713286.795330204,31040865.916364957,5841512.368290322,95595665.07998548
2024-01-01,United Kingdom,0.0,0.0,0.0,0.0
2024-01-01,United States,0.0,0.0,0.0,0.0
2024-02-01,China,173171323.77123952,27239740.856179662,14014642.944758618,214425707.5721778
2024-02-01,EU,19841706.73816502,43341633.33791892,0.0,63183340.07608394
2024-02-01,India,93338262.17543083,0.0,10386822.583827587,103725084.75925842
2024-02-01,Others,101081201.46212302,16056160.786154147,8263386.060310345,125400748.30858752
2024-02-01,South Korea,3008319.1819995167,1926584.6014308226,5500012.989655172,10434916.773085512
2024-02-01,Total,454556289.1981261,121550473.70347083,45116998.29806896,621223761.1996659
2024-02-01,Türkiye,64115475.869168155,32986354.12178727,6952133.719517241,104053963.71047266
2024-02-01,United Kingdom,0.0,0.0,0.0,0.0
2024-02-01,United States,0.0,0.0,0.0,0.0
2024-03-01,China,204415294.00838545,25191416.84639034,16875078.727806453,246481789.58258224
2024-03-01,EU,14367001.307963584,43922501.38576426,0.0,58289502.69372785
2024-03-01,India,109442483.11776835,0.0,6562847.625741935,116005330.74351028
2024-03-01,Others,112773409.28019975,15016907.57042174,9059418.915903226,136849735.76652473
2024-03-01,South Korea,5864764.620789226,2605701.732562269,4739841.109580645,13210307.46293214
2024-03-01,Total,523170376.6242649,107627166.927712,42727106.52041935,673524650.0723963
2024-03-01,Türkiye,76307424.28915851,20890639.39257338,5489920.141387097,102687983.82311898
2024-03-01,United Kingdom,0.0,0.0,0.0,0.0
2024-03-01,United States,0.0,0.0,0.0,0.0
2024-04-01,China,200448280.69341534,24154704.390485235,19557102.74056667,244160087.82446724
2024-04-01,EU,10771202.158915035,45227599.43768175,0.0,55998801.596596785
2024-04-01,India,127725603.30928466,1061140.6619733335,9933006.081733335,138719750.05299133
2024-04-01,Others,123383767.51549558,9854495.822262447,10431763.112433333,143670026.45019138
2024-04-01,South Korea,6285397.698272133,3681925.9667157624,4773743.343633333,14741067.008621229
2024-04-01,Total,534998754.87803704,88912095.54300462,49893931.09816667,673804781.5192083
2024-04-01,Türkiye,66384503.50265425,4932229.263886079,5198315.819800001,76515048.58634032
2024-04-01,United Kingdom,0.0,0.0,0.0,0.0
2024-04-01,United States,0.0,0.0,0.0,0.0
2024-05-01,China,174313536.47437966,28061614.653507657,23391619.90303226,225766771.03091958
2024-05-01,EU,15326811.514591265,49677456.57367678,0.0,65004268.08826804
2024-05-01,India,141410551.09599343,0.0,8456536.992967742,149867088.08896118
2024-05-01,Others,130263020.59982273,9671473.606394092,10823720.19080645,150758214.39702326
2024-05-01,South Korea,6583050.236421484,3654266.883643502,2829497.9428387093,13066815.062903695
2024-05-01,Total,551416208.7523514,99434409.2932523,51836112.13229031,702686730.177894
2024-05-01,Türkiye,83519238.83114292,8369597.57603026,6334737.102645161,98223573.50981835
2024-05-01,United Kingdom,0.0,0.0,0.0,0.0
2024-05-01,United States,0.0,0.0,0.0,0.0
2024-06-01,China,169435155.52564874,31407317.957242347,21581057.505166665,222423530.98805776
2024-06-01,EU,10089705.970888535,46833064.76066945,0.0,56922770.73155798
2024-06-01,India,136881947.48149922,0.0,9907824.459999999,146789771.94149923
2024-06-01,Others,122821706.84657855,11469623.22740467,10966092.77636667,145257422.8503499
2024-06-01,South Korea,3528434.7289928338,1005296.7685298561,4851625.732199999,9385357.229722688
2024-06-01,Total,507303566.3367646,94122996.29384524,55180803.9208,656607366.5514098
2024-06-01,Türkiye,64546615.78315673,3407693.579998913,7874203.447066668,75828512.81022231
2024-06-01,United Kingdom,0.0,0.0,0.0,0.0
2024-06-01,United States,0.0,0.0,0.0,0.0
2024-07-01,China,149147748.1505959,30155344.42820265,20109168.530903228,199412261.10970178
2024-07-01,EU,15626050.289052965,50903469.10183586,0.0,66529519.390888825
2024-07-01,India,141328828.37899658,0.0,10261598.867903225,151590427.2468998
2024-07-01,Others,116697506.17275855,7710577.413598503,8557594.107483871,132965677.69384092
2024-07-01,South Korea,3167501.1169629684,0.0,7333848.696870969,10501349.813833937
2024-07-01,Total,498437641.3415666,105943838.40007147,53113316.9726129,657494796.714251
2024-07-01,Türkiye,72470007.23319957,17174447.456434466,6851106.769451614,96495561.45908564
2024-07-01,United Kingdom,0.0,0.0,0.0,0.0
2024-07-01,United States,0.0,0.0,0.0,0.0
2024-08-01,China,173954389.66951138,33237237.248497985,18730901.881483875,225922528.79949325
2024-08-01,EU,9667999.87644537,45123458.32292119,0.0,54791458.199366555
2024-08-01,India,125107375.2951666,0.0,9007898.060774194,134115273.35594079
2024-08-01,Others,125113278.60989454,14749381.923651338,9961319.715032257,149823980.24857813
2024-08-01,South Korea,3749477.282776645,2319070.8333419356,6964496.636580646,13033044.752699226
2024-08-01,Total,500643365.3046676,120935463.04772125,51145636.39112903,672724464.7435179
2024-08-01,Türkiye,63050844.570873015,25506314.7193088,6481020.097258065,95038179.38743988
2024-08-01,United Kingdom,0.0,0.0,0.0,0.0
2024-08-01,United States,0.0,0.0,0.0,0.0
2024-09-01,China,159608341.01098567,40012954.21840929,18796213.353766665,218417508.58316162
2024-09-01,EU,17651033.09528668,51126996.335535236,0.0,68778029.43082191
2024-09-01,India,128983188.38607582,0.0,8251686.368233333,137234874.75430915
2024-09-01,Others,93311597.83158804,12520143.372716336,8800512.023066666,114632253.22737105
2024-09-01,South Korea,4124202.3274851004,3387575.3320026016,5693716.3999666665,13205494.059454368
2024-09-01,Total,453111703.37584186,123178444.60251796,48825602.342,625115750.3203598
2024-09-01,Türkiye,49433340.72442057,16130775.343854498,7283474.196966667,72847590.26524174
2024-09-01,United Kingdom,0.0,0.0,0.0,0.0
2024-09-01,United States,0.0,0.0,0.0,0.0
2024-10-01,China,167149098.2728174,27582387.814194705,20047447.790903226,214778933.87791532
2024-10-01,EU,20566576.359140534,48105076.78718042,0.0,68671653.14632095
2024-10-01,India,104655444.60819638,0.0,9389057.542903226,114044502.1510996
2024-10-01,Others,95929765.93331416,15244841.307393592,5339507.586741935,116514114.82744968
2024-10-01,South Korea,2532532.498065193,2019941.29697437,4304214.427806451,8856688.222846014
2024-10-01,Total,444037822.35443723,111014103.92338765,46787315.42390323,601839241.7017281
2024-10-01,Türkiye,53204404.68290361,18061856.717644554,7707088.075548387,78973349.47609656
2024-10-01,United Kingdom,0.0,0.0,0.0,0.0
2024-10-01,United States,0.0,0.0,0.0,0.0
2024-11-01,China,150398216.79664987,33845640.445039906,18761952.334033333,203005809.5757231
2024-11-01,EU,16970340.116027713,54176906.125378534,0.0,71147246.24140625
2024-11-01,India,117080578.23151939,0.0,5713412.4175,122793990.64901939
2024-11-01,Others,83917959.2175649,15275835.629292794,6845647.6636,106039442.5104577
2024-11-01,South Korea,3130405.3452656,3008893.038029058,3277953.6001666663,9417251.983461324
2024-11-01,Total,434687595.9955221,136140793.70575723,41148578.76473333,611976968.4660126
2024-11-01,Türkiye,63190096.2884946,29833518.468016934,6549612.749433335,99573227.50594488
2024-11-01,United Kingdom,0.0,0.0,0.0,0.0
2024-11-01,United States,0.0,0.0,0.0,0.0
2024-12-01,China,151478742.8967629,35940496.52351218,14290808.39445161,201710047.8147267
2024-12-01,EU,18329435.38600036,59347814.07429,0.0,77677249.46029036
2024-12-01,India,95362128.9203572,0.0,9987015.107387094,105349144.0277443
2024-12-01,Others,87698851.16533574,16434850.535144791,8402652.868096774,112536354.5685773
2024-12-01,South Korea,2144300.991305516,3090221.77953291,3826025.242838709,9060548.013677135
2024-12-01,Total,420338099.73998505,147598458.75781968,44155976.057935484,612092534.5557402
2024-12-01,Türkiye,65324640.3802233,32785075.845339797,7649474.445161291,105759190.67072439
2024-12-01,United Kingdom,0.0,0.0,0.0,0.0
2024-12-01,United States,0.0,0.0,0.0,0.0
2025-01-01,China,134869304.5981278,33925900.593223125,12572584.528419359,181367789.71977028
2025-01-01,EU,15150355.242347552,40013897.7917653,0.0,55164253.034112856
2025-01-01,India,109676713.46949369,0.0,10093654.424870968,119770367.89436466
2025-01-01,Others,93737922.90755375,18920474.632503856,5749085.289580645,118407482.82963824
2025-01-01,South Korea,2774477.3968826127,3077726.588565757,2980478.1499354844,8832682.135383854
2025-01-01,Total,411566292.6777345,126493329.14591506,43834697.77651613,581894319.6001657
2025-01-01,Türkiye,55357519.063329116,30555329.539857034,12438895.383709677,98351743.98689583
2025-01-01,United Kingdom,0.0,0.0,0.0,0.0
2025-01-01,United States,0.0,0.0,0.0,0.0
2025-02-01,China,149874683.06130666,38802356.24412707,11799461.309035717,200476500.61446944
2025-02-01,EU,18986115.146173466,47034239.74383892,0.0,66020354.89001238
2025-02-01,India,104832018.65554197,0.0,10378922.869428573,115210941.52497055
2025-02-01,Others,113977087.81223975,18027210.566883903,6076308.151000001,138080606.53012365
2025-02-01,South Korea,1318094.4738855,3276127.0936462358,3292480.852928571,7886702.420460307
2025-02-01,Total,438663992.92318976,137340435.20864946,40581956.854214296,616586384.9860535
2025-02-01,Türkiye,49675993.77404242,30200501.56015331,9034783.671821428,88911279.00601716
2025-02-01,United Kingdom,0.0,0.0,0.0,0.0
2025-02-01,United States,0.0,0.0,0.0,0.0
2025-03-01,China,152620948.9377092,26770479.79811903,13077095.490935484,192468524.22676373
2025-03-01,EU,11707456.581409633,35353989.02518014,0.0,47061445.60658977
2025-03-01,India,125328266.33007903,0.0,9133808.158,134462074.48807904
2025-03-01,Others,114252567.40032153,14905314.869595854,8038877.215870969,137196759.48578835
2025-03-01,South Korea,2552065.287217355,3011783.1423911,2758958.8116774196,8322807.2412858745
2025-03-01,Total,454313009.4992546,99003514.39551038,42170231.254870966,595486755.1496359
2025-03-01,Türkiye,47851704.9625178,18961947.56022425,9161491.578387097,75975144.10112914
2025-03-01,United Kingdom,0.0,0.0,0.0,0.0
2025-03-01,United States,0.0,0.0,0.0,0.0
2025-04-01,China,132753308.0622692,32026100.011745002,13908673.910833333,178688081.98484755
2025-04-01,EU,13274898.133911198,34536782.278944954,0.0,47811680.412856154
2025-04-01,India,115584605.26830682,0.0,11815449.492133336,127400054.76044016
2025-04-01,Others,110050471.37791263,11980149.466397261,8284011.399333332,130314632.24364322
2025-04-01,South Korea,1151160.1080812,2045292.7883227693,3992432.3253333326,7188885.221737302
2025-04-01,Total,422030939.04452753,99423639.63911833,44473142.29426667,565927720.9779125
2025-04-01,Türkiye,49216496.094046496,18835315.093708336,6472575.166633335,74524386.35438816
2025-04-01,United Kingdom,0.0,0.0,0.0,0.0
2025-04-01,United States,0.0,0.0,0.0,0.0
2025-05-01,China,123123219.49342866,32294582.552085195,20315728.223967746,175733530.2694816
2025-05-01,EU,14270939.287162246,32936321.23976819,0.0,47207260.52693044
2025-05-01,India,108387089.60480277,0.0,15025951.660870967,123413041.26567374
2025-05-01,Others,103257570.84669627,9486206.251269888,5921045.238806453,118664822.33677262
2025-05-01,South Korea,1639663.9396489353,3949181.229196709,2351486.188483871,7940331.357329516
2025-05-01,Total,402629630.982351,89447201.17911167,50527775.50490323,542604607.6663659
2025-05-01,Türkiye,51951147.8106121,10780909.906791687,6913564.192774194,69645621.91017798
2025-05-01,United Kingdom,0.0,0.0,0.0,0.0
2025-05-01,United States,0.0,0.0,0.0,0.0
2025-06-01,China,124150979.62055346,32040370.777376708,16557828.70046667,172749179.09839684
2025-06-01,EU,11203131.635354621,33764609.771347396,0.0,44967741.40670202
2025-06-01,India,106033330.75356701,0.0,12937342.640233334,118970673.39380035
2025-06-01,Others,103853168.93788423,7428441.261355036,7856660.967433332,119138271.16667259
2025-06-01,South Korea,2250463.0813325667,1132969.5085866668,4107521.8588000005,7490954.448719234
2025-06-01,Total,403796464.53144825,83916104.05403565,48896358.42413334,536608927.0096172
2025-06-01,Türkiye,56305390.50275635,9549712.735369842,7437004.257200001,73292107.49532619
2025-06-01,United Kingdom,0.0,0.0,0.0,0.0
2025-06-01,United States,0.0,0.0,0.0,0.0
2025-07-01,China,131243891.94630794,29621482.074301485,17012744.74919355,177878118.769803
2025-07-01,EU,11300329.991647752,30366660.84105444,0.0,41666990.83270219
2025-07-01,India,92559635.05381283,0.0,9761401.853935484,102321036.90774831
2025-07-01,Others,84321218.24581143,9717343.744246349,7922028.932516128,101960590.92257391
2025-07-01,South Korea,1796881.0538845162,2043825.0037720155,8403093.93616129,12243799.993817823
2025-07-01,Total,379037984.670453,89531273.11949441,52032027.08093548,520601284.87088287
2025-07-01,Türkiye,57816028.37898859,17781961.45612012,8932757.609129032,84530747.44423774
2025-07-01,United Kingdom,0.0,0.0,0.0,0.0
2025-07-01,United States,0.0,0.0,0.0,0.0
2025-08-01,China,126081700.87206024,33312632.80037836,17006923.357258063,176401257.02969667
2025-08-01,EU,10354776.711017946,25284162.854183655,0.0,35638939.5652016
2025-08-01,India,93529286.99293485,0.0,10810115.093290322,104339402.08622518
2025-08-01,Others,94334849.13137303,10088951.585031372,8722455.962193547,113146256.67859796
2025-08-01,South Korea,1017056.9741409678,4239714.528302096,11973601.140032258,17230372.642475322
2025-08-01,Total,376672173.1653448,90533013.43121839,56737273.89987096,523942460.4964341
2025-08-01,Türkiye,51354502.48381784,17607551.66332289,8224178.347096773,77186232.4942375
2025-08-01,United Kingdom,0.0,0.0,0.0,0.0
2025-08-01,United States,0.0,0.0,0.0,0.0
2025-09-01,China,125421426.58779825,37755166.421882965,16005503.180266669,179182096.18994787
2025-09-01,EU,7991732.116035844,25269489.115937963,0.0,33261221.23197381
2025-09-01,India,90341023.52870436,0.0,9289435.618400002,99630459.14710437
2025-09-01,Others,86319964.15840073,13332214.287290882,6071236.187866668,105723414.63355827
2025-09-01,South Korea,2470201.8737372,3201648.813643456,8345138.630799999,14016989.318180656
2025-09-01,Total,353786024.2734587,93423646.11847167,47760729.5304,494970399.9223304
2025-09-01,Türkiye,41241676.0087823,13865127.47971641,8049415.913066666,63156219.40156537
2025-09-01,United Kingdom,0.0,0.0,0.0,0.0
2025-09-01,United States,0.0,0.0,0.0,0.0
2025-10-01,China,127788745.41355948,29285718.681990553,14851829.229774194,171926293.32532424
2025-10-01,EU,11826239.609292168,27324052.21792621,0.0,39150291.82721838
2025-10-01,India,82843984.05885619,0.0,7596260.424032258,90440244.48288845
2025-10-01,Others,72135647.14301763,10038622.340247292,7787679.267806451,89961948.75107138
2025-10-01,South Korea,2662923.744356548,3834258.177005843,6133562.342677418,12630744.264039809
2025-10-01,Total,343075705.9460303,85351840.69358954,45809697.864516124,474237244.50413597
2025-10-01,Türkiye,45818165.97694824,14869189.276419641,9440366.600225806,70127721.85359369
2025-10-01,United Kingdom,0.0,0.0,0.0,0.0
2025-10-01,United States,0.0,0.0,0.0,0.0
2025-11-01,China,124484275.28499968,36308189.79688337,19045510.094666664,179837975.1765497
2025-11-01,EU,4648157.393073333,28728522.143078115,0.0,33376679.536151446
2025-11-01,India,87410260.36862835,0.0,10167894.293066667,97578154.66169502
2025-11-01,Others,62522441.70339378,14980025.273294268,9372525.08893333,86874992.06562138
2025-11-01,South Korea,583772.1560392999,4000007.7710536164,6589737.811466666,11173517.738559581
2025-11-01,Total,309772445.39353305,94909322.38761462,53122883.78673332,457804651.567881
2025-11-01,Türkiye,30123538.487398636,10892577.403305264,7947216.498600001,48963332.3893039
2025-11-01,United Kingdom,0.0,0.0,0.0,0.0
2025-11-01,United States,0.0,0.0,0.0,0.0
2025-12-01,China,123828835.92193352,35419752.22152159,18769250.8926129,178017839.03606802
2025-12-01,EU,9531029.18490326,33590322.93378889,0.0,43121352.118692145
2025-12-01,India,57365907.26314179,0.0,8639409.939032258,66005317.202174045
2025-12-01,Others,61463596.66826123,13650124.780225059,8811708.570193548,83925430.01867984
2025-12-01,South Korea,1720657.1319596127,3896488.015939878,4217762.344870968,9834907.492770458
2025-12-01,Total,294458209.02997077,106151612.73699416,47955341.81158064,448565163.5785456
2025-12-01,Türkiye,40548182.85977132,19594924.78551875,7517210.064870967,67660317.71016103
2025-12-01,United Kingdom,0.0,0.0,0.0,0.0
2025-12-01,United States,0.0,0.0,0.0,0.0
2026-01-01,China,148875072.5850279,31712458.8865213,12577976.481322583,193165507.9528718
2026-01-01,EU,6937261.995076395,32797570.530032445,0.0,39734832.52510884
2026-01-01,India,42057561.371036954,0.0,9735829.199580647,51793390.5706176
2026-01-01,Others,71379211.33633268,13875473.807135576,6336965.910290324,91591651.05375858
2026-01-01,South Korea,465874.93374454835,2655845.5082184304,5128003.176645161,8249723.618608139
2026-01-01,Total,302534946.36835325,104257031.05927524,39952426.12567742,446744403.5533059
2026-01-01,Türkiye,32819964.1471348,23215682.32736748,6173651.357838711,62209297.83234099
2026-01-01,United Kingdom,0.0,0.0,0.0,0.0
2026-01-01,United States,0.0,0.0,0.0,0.0
2026-02-01,China,151110163.6200274,29190836.3952359,11324409.954642858,191625409.96990615
2026-02-01,EU,6535389.561743623,38838487.43824196,0.0,45373876.99998558
2026-02-01,India,43387596.66072239,0.0,7739393.129821428,51126989.79054382
2026-02-01,Others,72107689.70079528,16544630.515097553,6215975.656607142,94868295.87249997
2026-02-01,South Korea,753414.8905761429,2841280.4037631163,6215805.684428572,9810500.97876783
2026-02-01,Total,305603982.5567316,99048569.95237687,37974793.32114285,442627345.83025134
2026-02-01,Türkiye,31709728.122866817,11633335.200038342,6479208.895642859,49822272.218548015
2026-02-01,United Kingdom,0.0,0.0,0.0,0.0
2026-02-01,United States,0.0,0.0,0.0,0.0
2026-03-01,China,159791153.98749745,27239338.258738086,10973834.814741936,198004327.06097746
2026-03-01,EU,523197.4094854839,45627855.0238079,0.0,46151052.43329338
2026-03-01,India,86230545.26678677,0.0,11272506.424419357,97503051.69120613
2026-03-01,Others,92762022.3641538,11013962.208816547,10322664.917387094,114098649.49035744
2026-03-01,South Korea,1144741.971703613,2801899.1258380096,5422867.114903225,9369508.212444847
2026-03-01,Total,375152394.71949327,117330296.50010034,45560515.14493549,538043206.3645291
2026-03-01,Türkiye,34700733.71986618,30647241.88289981,7568641.873483871,72916617.47624986
2026-03-01,United Kingdom,0.0,0.0,0.0,0.0
2026-03-01,United States,0.0,0.0,0.0,0.0
2026-04-01,China,181001576.4913826,32647733.57602889,12384350.2945,226033660.36191148
2026-04-01,EU,896264.2683733332,50886214.10791027,0.0,51782478.3762836
2026-04-01,India,101447295.3395315,0.0,11388128.548566667,112835423.88809817
2026-04-01,Others,116193851.1385786,15727862.509384321,15025560.773866663,146947274.42182958
2026-04-01,South Korea,897618.9224512001,2389244.2021015077,6611106.949766668,9897970.074319376
2026-04-01,Total,444583928.96014154,135713230.180286,53628487.17983333,633925646.3202609
2026-04-01,Türkiye,44147322.79982437,34062175.784861006,8219340.613133335,86428839.19781871
2026-04-01,United Kingdom,0.0,0.0,0.0,0.0
2026-04-01,United States,0.0,0.0,0.0,0.0
2026-05-01,China,167475427.83516636,38479808.267903835,18286924.788774196,224242160.8918444
2026-05-01,EU,5658229.312407907,52118896.46973482,0.0,57777125.78214273
2026-05-01,India,142810777.65480042,0.0,14658693.085387098,157469470.74018753
2026-05-01,Others,119600653.48648107,11055742.237477913,12238507.284741936,142894903.0087009
2026-05-01,South Korea,917125.6996972258,0.0,7374181.63532258,8291307.335019806
2026-05-01,Total,496984897.0665053,121867534.36201546,59130731.73316129,677983163.161682
2026-05-01,Türkiye,60522683.077952325,20213087.386898898,6572424.938935485,87308195.4037867
2026-05-01,United Kingdom,0.0,0.0,0.0,0.0
2026-05-01,United States,0.0,0.0,0.0,0.0
2026-06-01,China,172856925.00848055,41304466.26390667,18456975.73276667,232618367.0051539
2026-06-01,EU,11918981.89482,46520070.247644946,0.0,58439052.14246494
2026-06-01,India,188753368.54946864,0.0,14559329.6306,203312698.18006864
2026-06-01,Others,137576248.69623247,9575763.271311503,12508082.298633333,159660094.2661773
2026-06-01,South Korea,761851.9139889333,1196005.2950637587,5300633.983999999,7258491.193052691
2026-06-01,Total,565852704.3456949,111080931.27515697,58267868.9849,735201504.6057519
2026-06-01,Türkiye,53985328.28270431,12484626.197230078,7442847.338899999,73912801.81883438
2026-06-01,United Kingdom,0.0,0.0,0.0,0.0
2026-06-01,United States,0.0,0.0,0.0,0.0
2026-07-01,China,152765376.28045842,36456322.73316582,22168216.22809677,211389915.241721
2026-07-01,EU,10731601.775463058,34863177.41951904,0.0,45594779.1949821
2026-07-01,India,147451038.42398682,0.0,17069273.208903227,164520311.63289005
2026-07-01,Others,94366353.29658034,6944189.695152261,14398633.931870969,115709176.92360358
2026-07-01,South Korea,2218211.115601613,3960501.1681187097,7705501.028322579,13884213.312042903
2026-07-01,Total,435093694.26351243,93054630.90863769,68247812.34135483,596396137.513505
2026-07-01,Türkiye,27561113.37142216,10830439.892681831,6906187.94416129,45297741.20826528
2026-07-01,United Kingdom,0.0,0.0,0.0,0.0
2026-07-01,United States,0.0,0.0,0.0,0.0
2026-08-01,China,200070893.13241294,50498623.55692105,22895468.152935483,273464984.8422695
2026-08-01,EU,6685460.180728407,34641669.443124525,0.0,41327129.62385293
2026-08-01,India,110409634.4098754,0.0,14195530.887870967,124605165.29774636
2026-08-01,Others,53835840.57869167,11767261.32334413,13152328.739612902,78755430.6416487
2026-08-01,South Korea,1818550.1199698714,3850733.4251191798,9902260.024387097,15571543.569476148
2026-08-01,Total,394705547.49441296,110569608.40727748,65128923.42280645,570404079.3244969
2026-08-01,Türkiye,21885169.07273471,9811320.658768613,4983335.618,36679825.34950332
2026-08-01,United Kingdom,0.0,0.0,0.0,0.0
2026-08-01,United States,0.0,0.0,0.0,0.0
2026-09-01,China,200432573.87630132,69990937.5850821,21466364.660933338,291889876.1223168
2026-09-01,EU,11788294.095299695,47727603.008880176,0.0,59515897.104179874
2026-09-01,India,109536783.6867947,0.0,10272025.629833335,119808809.31662804
2026-09-01,Others,57059636.59470315,11826805.29377627,12141468.5939,81027910.48237942
2026-09-01,South Korea,871536.0739574999,5710476.515631584,7630052.5672,14212065.156789085
2026-09-01,Total,394993491.9567632,145723098.5134336,57965862.868700005,598682453.3388969
2026-09-01,Türkiye,15304667.629706832,10467276.110063456,6455951.416833333,32227895.15660362
2026-09-01,United Kingdom,0.0,0.0,0.0,0.0
2026-09-01,United States,0.0,0.0,0.0,0.0
