destination_region,total_eur,eur_per_day,total_tonne,tonne_per_day,updated_on
China,353144535082.3636,264444650.91042835,975919376.8514953,615795.348152038,2026-09-30 03:06:50.874490
EU,237371108317.2192,60355748.96129323,347908025.59337604,72538.81157352692,2026-09-30 03:06:50.874490
India,187935690940.08566,110357726.12612113,518774157.738817,336391.08287314285,2026-09-30 03:06:50.874490
Others,208008283376.94434,77519929.09918894,449385779.25814855,166756.11523620103,2026-09-30 03:06:50.874490
South Korea,25082066176.901764,15782183.236166665,115857320.64331001,84126.76666666666,2026-09-30 03:06:50.874490
Türkiye,137511056172.956,23208406.911173712,325438169.472378,64744.808232248346,2026-09-30 03:06:50.874490
United Kingdom,1521421570.3636749,0.0,2197064.1648532697,0.0,2026-09-30 03:06:50.874490
United States,2635141098.8541365,0.0,4516401.77,0.0,2026-09-30 03:06:50.874490
Total,1153209302735.6885,551668645.244372,2739996295.492378,1340352.9327338238,2026-09-30
